paper_id,term_1,term_2,id,sentence_index,segment_length,segment
30788345,oxaloacetate,insulin,30788345,267,182,r has only a small effect edwards et al 2013 2015 oxaloacetate extends lifespan by 25 and it depends on both ampactivated protein kinase ampk and insulin signaling williams et al 200
30788345,ornithine,cadaverine,30788345,197,208,putrescine is metabolized from arginine via either agmatine or ornithine and gives rise to spermidine the precursor of spermine figure s7a while cadaverine is the product of lysine decarboxylation mccann 1982
30788345,putrescine,spermine,30788345,197,208,putrescine is metabolized from arginine via either agmatine or ornithine and gives rise to spermidine the precursor of spermine figure s7a while cadaverine is the product of lysine decarboxylation mccann 1982
30788345,putrescine,cadaverine,30788345,194,92,ere is accumulation of polyamines with age namely putrescine nacetylputrescine and cadaverin
30788345,nacetylputrescine,cadaverine,30788345,194,81,mulation of polyamines with age namely putrescine nacetylputrescine and cadaverin
30788345,putrescine,nacetylputrescine,30788345,194,92,ere is accumulation of polyamines with age namely putrescine nacetylputrescine and cadaverin
30788345,allantoin,carnitine,30788345,190,153,s of both nucleotides hypoxanthine xanthosine and allantoin and amino acid metabolism betaine carnitine leucic acid pentothenate kynurenic acid and xanth
30788345,xanthosine,carnitine,30788345,190,169,adation products of both nucleotides hypoxanthine xanthosine and allantoin and amino acid metabolism betaine carnitine leucic acid pentothenate kynurenic acid and xanthu
30788345,betaine,carnitine,30788345,190,117,anthosine and allantoin and amino acid metabolism betaine carnitine leucic acid pentothenate kynurenic acid and xanth
30788345,hypoxanthine,allantoin,30788345,190,140,contains degradation products of both nucleotides hypoxanthine xanthosine and allantoin and amino acid metabolism betaine carnitine leucic a
30788345,allantoin,betaine,30788345,190,145,s of both nucleotides hypoxanthine xanthosine and allantoin and amino acid metabolism betaine carnitine leucic acid pentothenate kynurenic acid a
30788345,hypoxanthine,betaine,30788345,190,176,contains degradation products of both nucleotides hypoxanthine xanthosine and allantoin and amino acid metabolism betaine carnitine leucic acid pentothenate kynurenic acid and 
30788345,hypoxanthine,carnitine,30788345,190,184,contains degradation products of both nucleotides hypoxanthine xanthosine and allantoin and amino acid metabolism betaine carnitine leucic acid pentothenate kynurenic acid and xanthure
30788345,xanthosine,allantoin,30788345,190,125,adation products of both nucleotides hypoxanthine xanthosine and allantoin and amino acid metabolism betaine carnitine leucic
30788345,hypoxanthine,xanthosine,30788345,190,125,contains degradation products of both nucleotides hypoxanthine xanthosine and allantoin and amino acid metabolism betaine car
30788345,tryptophan,guanosine,30788345,189,196, leucine lysine glutamateglutamic acid methionine tryptophan and arginine and some byproducts of amino acid metabolism homoserine cystathionine as well as nucleotides guanosine cytidine uridine gm
30788345,spermine,cadaverine,30788345,197,208,putrescine is metabolized from arginine via either agmatine or ornithine and gives rise to spermidine the precursor of spermine figure s7a while cadaverine is the product of lysine decarboxylation mccann 1982
30788345,agmatine,ornithine,30788345,197,208,putrescine is metabolized from arginine via either agmatine or ornithine and gives rise to spermidine the precursor of spermine figure s7a while cadaverine is the product of lysine decarboxylation mccann 1982
30788345,putrescine,ornithine,30788345,197,208,putrescine is metabolized from arginine via either agmatine or ornithine and gives rise to spermidine the precursor of spermine figure s7a while cadaverine is the product of lysine decarboxylation mccann 1982
30788345,agmatine,spermine,30788345,197,208,putrescine is metabolized from arginine via either agmatine or ornithine and gives rise to spermidine the precursor of spermine figure s7a while cadaverine is the product of lysine decarboxylation mccann 1982
30788345,spermidine,synthase,30788345,199,227,as shown in figure s7a displaying the overlay of transcriptomics and metabolomics using pathview there is a significant agedependent upregulation in the levels of spermidine synthase see ec 25116 in figure s7a in day 10 animals
30788345,putrescine,agmatine,30788345,197,208,putrescine is metabolized from arginine via either agmatine or ornithine and gives rise to spermidine the precursor of spermine figure s7a while cadaverine is the product of lysine decarboxylation mccann 1982
30788345,arginine,cadaverine,30788345,197,208,putrescine is metabolized from arginine via either agmatine or ornithine and gives rise to spermidine the precursor of spermine figure s7a while cadaverine is the product of lysine decarboxylation mccann 1982
30788345,putrescine,cadaverine,30788345,197,208,putrescine is metabolized from arginine via either agmatine or ornithine and gives rise to spermidine the precursor of spermine figure s7a while cadaverine is the product of lysine decarboxylation mccann 1982
30788345,arginine,agmatine,30788345,197,208,putrescine is metabolized from arginine via either agmatine or ornithine and gives rise to spermidine the precursor of spermine figure s7a while cadaverine is the product of lysine decarboxylation mccann 1982
30788345,arginine,spermidine,30788345,197,208,putrescine is metabolized from arginine via either agmatine or ornithine and gives rise to spermidine the precursor of spermine figure s7a while cadaverine is the product of lysine decarboxylation mccann 1982
30788345,spermidine,spermine,30788345,197,208,putrescine is metabolized from arginine via either agmatine or ornithine and gives rise to spermidine the precursor of spermine figure s7a while cadaverine is the product of lysine decarboxylation mccann 1982
30788345,guanosine,uridine,30788345,189,79,m homoserine cystathionine as well as nucleotides guanosine cytidine uridine gm
30788345,agmatine,cadaverine,30788345,197,208,putrescine is metabolized from arginine via either agmatine or ornithine and gives rise to spermidine the precursor of spermine figure s7a while cadaverine is the product of lysine decarboxylation mccann 1982
30788345,arginine,ornithine,30788345,197,208,putrescine is metabolized from arginine via either agmatine or ornithine and gives rise to spermidine the precursor of spermine figure s7a while cadaverine is the product of lysine decarboxylation mccann 1982
30788345,ornithine,spermidine,30788345,197,208,putrescine is metabolized from arginine via either agmatine or ornithine and gives rise to spermidine the precursor of spermine figure s7a while cadaverine is the product of lysine decarboxylation mccann 1982
30788345,putrescine,arginine,30788345,197,208,putrescine is metabolized from arginine via either agmatine or ornithine and gives rise to spermidine the precursor of spermine figure s7a while cadaverine is the product of lysine decarboxylation mccann 1982
30788345,agmatine,spermidine,30788345,197,208,putrescine is metabolized from arginine via either agmatine or ornithine and gives rise to spermidine the precursor of spermine figure s7a while cadaverine is the product of lysine decarboxylation mccann 1982
30788345,spermidine,cadaverine,30788345,197,208,putrescine is metabolized from arginine via either agmatine or ornithine and gives rise to spermidine the precursor of spermine figure s7a while cadaverine is the product of lysine decarboxylation mccann 1982
30788345,ornithine,spermine,30788345,197,208,putrescine is metabolized from arginine via either agmatine or ornithine and gives rise to spermidine the precursor of spermine figure s7a while cadaverine is the product of lysine decarboxylation mccann 1982
30788345,putrescine,spermidine,30788345,197,208,putrescine is metabolized from arginine via either agmatine or ornithine and gives rise to spermidine the precursor of spermine figure s7a while cadaverine is the product of lysine decarboxylation mccann 1982
30788345,arginine,spermine,30788345,197,208,putrescine is metabolized from arginine via either agmatine or ornithine and gives rise to spermidine the precursor of spermine figure s7a while cadaverine is the product of lysine decarboxylation mccann 1982
30788345,spermidine,25116,30788345,199,227,as shown in figure s7a displaying the overlay of transcriptomics and metabolomics using pathview there is a significant agedependent upregulation in the levels of spermidine synthase see ec 25116 in figure s7a in day 10 animals
30788345,guanosine,gmp,30788345,189,79,m homoserine cystathionine as well as nucleotides guanosine cytidine uridine gm
30788345,threonine,arginine,30788345,189,183,ntains most measured amino acids including serine threonine leucine lysine glutamateglutamic acid methionine tryptophan and arginine and some byproducts of amino acid metabolism homos
30788345,methionine,gmp,30788345,189,207,e threonine leucine lysine glutamateglutamic acid methionine tryptophan and arginine and some byproducts of amino acid metabolism homoserine cystathionine as well as nucleotides guanosine cytidine uridine gm
30788345,serine,threonine,30788345,189,116,time contains most measured amino acids including serine threonine leucine lysine glutamateglutamic acid methionine 
30788345,leucine,arginine,30788345,189,172,t measured amino acids including serine threonine leucine lysine glutamateglutamic acid methionine tryptophan and arginine and some byproducts of amino acid metabolism homo
30788345,methionine,cystathionine,30788345,189,204,e threonine leucine lysine glutamateglutamic acid methionine tryptophan and arginine and some byproducts of amino acid metabolism homoserine cystathionine as well as nucleotides guanosine cytidine uridine
30788345,serine,tryptophan,30788345,189,176,time contains most measured amino acids including serine threonine leucine lysine glutamateglutamic acid methionine tryptophan and arginine and some byproducts of amino acid me
30788345,leucine,homoserine,30788345,189,228,t measured amino acids including serine threonine leucine lysine glutamateglutamic acid methionine tryptophan and arginine and some byproducts of amino acid metabolism homoserine cystathionine as well as nucleotides guanosine cy
30788345,threonine,methionine,30788345,189,158,ntains most measured amino acids including serine threonine leucine lysine glutamateglutamic acid methionine tryptophan and arginine and some byproducts of am
30788345,leucine,methionine,30788345,189,148,t measured amino acids including serine threonine leucine lysine glutamateglutamic acid methionine tryptophan and arginine and some byproducts of am
30788345,tryptophan,gmp,30788345,189,196, leucine lysine glutamateglutamic acid methionine tryptophan and arginine and some byproducts of amino acid metabolism homoserine cystathionine as well as nucleotides guanosine cytidine uridine gm
30788345,methionine,tryptophan,30788345,189,121,e threonine leucine lysine glutamateglutamic acid methionine tryptophan and arginine and some byproducts of amino acid me
30788345,uridine,gmp,30788345,189,60,hionine as well as nucleotides guanosine cytidine uridine gm
30788345,arginine,guanosine,30788345,189,181, glutamateglutamic acid methionine tryptophan and arginine and some byproducts of amino acid metabolism homoserine cystathionine as well as nucleotides guanosine cytidine uridine gm
30788345,methionine,uridine,30788345,189,207,e threonine leucine lysine glutamateglutamic acid methionine tryptophan and arginine and some byproducts of amino acid metabolism homoserine cystathionine as well as nucleotides guanosine cytidine uridine gm
30788345,tryptophan,cystathionine,30788345,189,193, leucine lysine glutamateglutamic acid methionine tryptophan and arginine and some byproducts of amino acid metabolism homoserine cystathionine as well as nucleotides guanosine cytidine uridine
30788345,threonine,leucine,30788345,189,119,ntains most measured amino acids including serine threonine leucine lysine glutamateglutamic acid methionine tryptophan
30788345,guanosine,cytidine,30788345,189,79,m homoserine cystathionine as well as nucleotides guanosine cytidine uridine gm
30788345,threonine,tryptophan,30788345,189,169,ntains most measured amino acids including serine threonine leucine lysine glutamateglutamic acid methionine tryptophan and arginine and some byproducts of amino acid me
30788345,arginine,gmp,30788345,189,181, glutamateglutamic acid methionine tryptophan and arginine and some byproducts of amino acid metabolism homoserine cystathionine as well as nucleotides guanosine cytidine uridine gm
30788345,cystathionine,cytidine,30788345,189,116,me byproducts of amino acid metabolism homoserine cystathionine as well as nucleotides guanosine cytidine uridine gm
30788345,cytidine,gmp,30788345,189,69,ne cystathionine as well as nucleotides guanosine cytidine uridine gm
30788345,homoserine,guanosine,30788345,189,127,nine and some byproducts of amino acid metabolism homoserine cystathionine as well as nucleotides guanosine cytidine uridine gm
30788345,threonine,homoserine,30788345,189,238,ntains most measured amino acids including serine threonine leucine lysine glutamateglutamic acid methionine tryptophan and arginine and some byproducts of amino acid metabolism homoserine cystathionine as well as nucleotides guanosine cy
30788345,tryptophan,arginine,30788345,189,125, leucine lysine glutamateglutamic acid methionine tryptophan and arginine and some byproducts of amino acid metabolism homose
30788345,arginine,uridine,30788345,189,181, glutamateglutamic acid methionine tryptophan and arginine and some byproducts of amino acid metabolism homoserine cystathionine as well as nucleotides guanosine cytidine uridine gm
30788345,homoserine,cytidine,30788345,189,127,nine and some byproducts of amino acid metabolism homoserine cystathionine as well as nucleotides guanosine cytidine uridine gm
30788345,cystathionine,guanosine,30788345,189,116,me byproducts of amino acid metabolism homoserine cystathionine as well as nucleotides guanosine cytidine uridine gm
30788345,leucine,cystathionine,30788345,189,242,t measured amino acids including serine threonine leucine lysine glutamateglutamic acid methionine tryptophan and arginine and some byproducts of amino acid metabolism homoserine cystathionine as well as nucleotides guanosine cytidine uridine
30788345,tryptophan,homoserine,30788345,189,179, leucine lysine glutamateglutamic acid methionine tryptophan and arginine and some byproducts of amino acid metabolism homoserine cystathionine as well as nucleotides guanosine cy
30788345,leucine,cytidine,30788345,189,245,t measured amino acids including serine threonine leucine lysine glutamateglutamic acid methionine tryptophan and arginine and some byproducts of amino acid metabolism homoserine cystathionine as well as nucleotides guanosine cytidine uridine gm
30788345,serine,arginine,30788345,189,189,time contains most measured amino acids including serine threonine leucine lysine glutamateglutamic acid methionine tryptophan and arginine and some byproducts of amino acid metabolism homo
30788345,arginine,cystathionine,30788345,189,178, glutamateglutamic acid methionine tryptophan and arginine and some byproducts of amino acid metabolism homoserine cystathionine as well as nucleotides guanosine cytidine uridine
30788345,arginine,homoserine,30788345,189,164, glutamateglutamic acid methionine tryptophan and arginine and some byproducts of amino acid metabolism homoserine cystathionine as well as nucleotides guanosine cy
30788345,serine,homoserine,30788345,189,245,time contains most measured amino acids including serine threonine leucine lysine glutamateglutamic acid methionine tryptophan and arginine and some byproducts of amino acid metabolism homoserine cystathionine as well as nucleotides guanosine cy
30788345,tryptophan,uridine,30788345,189,196, leucine lysine glutamateglutamic acid methionine tryptophan and arginine and some byproducts of amino acid metabolism homoserine cystathionine as well as nucleotides guanosine cytidine uridine gm
30788345,leucine,guanosine,30788345,189,245,t measured amino acids including serine threonine leucine lysine glutamateglutamic acid methionine tryptophan and arginine and some byproducts of amino acid metabolism homoserine cystathionine as well as nucleotides guanosine cytidine uridine gm
30788345,homoserine,uridine,30788345,189,127,nine and some byproducts of amino acid metabolism homoserine cystathionine as well as nucleotides guanosine cytidine uridine gm
30788345,homoserine,gmp,30788345,189,127,nine and some byproducts of amino acid metabolism homoserine cystathionine as well as nucleotides guanosine cytidine uridine gm
30788345,synthase,25116,30788345,199,227,as shown in figure s7a displaying the overlay of transcriptomics and metabolomics using pathview there is a significant agedependent upregulation in the levels of spermidine synthase see ec 25116 in figure s7a in day 10 animals
30788345,sadenosylmethioninamine,spermidine,30788345,200,194,this enzyme catalyzes the transfer of a polyamine group from sadenosylmethioninamine to putrescine in the biosynthesis of spermidine possibly reflecting an increased usage of spermidine with age
30788345,net,oxaloacetate,30788345,256,207,to get a measure for the net production of oxaloacetate in the mitochondria we calculated the difference between the sums of all mitochondrial oxaloacetate catabolic and anabolic reactions for each timeframe
30788345,oxaloacetate,citrate,30788345,255,157,at the same time csm which represents the conversion of oxaloacetate to citrate in the mitochondria was also substantially reduced reaction 1 in figures 7bd
30788345,malate,dehydrogenase,30788345,254,244,metabfba predicted that fluxes through the reaction mdhm which represents the conversion of malate to oxaloacetate by malate dehydrogenase in the mitochondria was dramatically reduced from days 45 and days 510 in fem reaction 8 in figures 7bd
30788345,oxaloacetate,dehydrogenase,30788345,254,244,metabfba predicted that fluxes through the reaction mdhm which represents the conversion of malate to oxaloacetate by malate dehydrogenase in the mitochondria was dramatically reduced from days 45 and days 510 in fem reaction 8 in figures 7bd
30788345,malate,oxaloacetate,30788345,254,244,metabfba predicted that fluxes through the reaction mdhm which represents the conversion of malate to oxaloacetate by malate dehydrogenase in the mitochondria was dramatically reduced from days 45 and days 510 in fem reaction 8 in figures 7bd
30788345,dehydrogenase,oxidoreductase,30788345,251,223,e reaction 2  akgdhm mitochondrial 2oxoglutarate dehydrogenase reaction 3 rxn9098m mitochondrial succinate dehydrogenase reaction 4 rm02164 succinateubiqui oxidoreductase reaction 5 fumm mitochondrial fumarate hydratase
30788345,oxidoreductase,fumarate,30788345,251,160, dehydrogenase reaction 4 rm02164 succinateubiqui oxidoreductase reaction 5 fumm mitochondrial fumarate hydratase reaction 6 mdhm mitochondrial malate dehydro
30788345,oxidoreductase,citrate,30788345,251,249, dehydrogenase reaction 4 rm02164 succinateubiqui oxidoreductase reaction 5 fumm mitochondrial fumarate hydratase reaction 6 mdhm mitochondrial malate dehydrogenase reaction 7 citlm citrate lyase reaction 8 isocitdehrxnm mitochondrial isocitrat
30788345,succinate,fumarate,30788345,251,214,dehydrogenase reaction 3 rxn9098m mitochondrial succinate dehydrogenase reaction 4 rm02164 succinateubiqui oxidoreductase reaction 5 fumm mitochondrial fumarate hydratase reaction 6 mdhm mitochondrial malate de
30788345,malate,lyase,30788345,251,153,fumarate hydratase reaction 6 mdhm mitochondrial malate dehydrogenase reaction 7 citlm citrate lyase reaction 8 isocitdehrxnm mitochondrial isocitrat
30788345,hydrolase,dehydrogenase,30788345,251,222,ion 1 raconitatehydrrxnm aconitase  isocitrate hydrolase reaction 1a rmc0001 cytosolic isocitrate hydrolase reaction 2  akgdhm mitochondrial 2oxoglutarate dehydrogenase reaction 3 rxn9098m mitochondrial succinate deh
30788345,oxidoreductase,hydratase,30788345,251,169, dehydrogenase reaction 4 rm02164 succinateubiqui oxidoreductase reaction 5 fumm mitochondrial fumarate hydratase reaction 6 mdhm mitochondrial malate dehydrogenase re
30788345,succinate,hydratase,30788345,251,223,dehydrogenase reaction 3 rxn9098m mitochondrial succinate dehydrogenase reaction 4 rm02164 succinateubiqui oxidoreductase reaction 5 fumm mitochondrial fumarate hydratase reaction 6 mdhm mitochondrial malate dehydrogena
30788345,fumarate,lyase,30788345,251,205,qui oxidoreductase reaction 5 fumm mitochondrial fumarate hydratase reaction 6 mdhm mitochondrial malate dehydrogenase reaction 7 citlm citrate lyase reaction 8 isocitdehrxnm mitochondrial isocitrate 
30788345,2oxoglutarate,dehydrogenase,30788345,251,127,trate hydrolase reaction 2  akgdhm mitochondrial 2oxoglutarate dehydrogenase reaction 3 rxn9098m mitochondrial succinate deh
30788345,net,oxaloacetate,30788345,258,107,thus the metabfba model predicts that net production of oxaloacetate in the mitochondria drops after day 4
30788345,net,oxaloacetate,30788345,262,224,in this model figures 7cd we found that fluxes through mhdm reaction 1 in figure 7c remained the most depressed from days 45 to days 510 and net production of oxaloacetate dropped by 25 from an 8 on days 45 to 6 on days 510
30788345,oxaloacetate,tca,30788345,263,184,l still correctly predicted a substantial drop in oxaloacetate productionthe striking difference in the fluxes within the tca cycle affecting oxaloacetate between days 45 and 510 sugge
30788345,tca,oxaloacetate,30788345,267,211,ith this prediction while supplementation of most tca metabolites either does not affect lifespan or has only a small effect edwards et al 2013 2015 oxaloacetate extends lifespan by 25 and it depends on both amp
30788345,tca,glutamate,30788345,337,108,our model also predicts that the tca cycle can have an impact on the fluxes of amino acids such as glutamate
30788345,oxaloacetate,nad,30788345,333,136,oxaloacetate supplementation elevates the levels of nad and restores redox balance acting through sirtuins and ampk roth and ingram 2016
30788345,oxaloacetate,tca,30788345,327,143,interestingly we observed that aconitate levels drop earlier than oxaloacetate levels suggesting that ros may precipitate tca cycle dysfunction
30788345,3hba,ketone,30788345,302,161,3hba is metabolized from ketogenic amino acids andor lipids and it is a component of ketone bodies which supply energy during periods of fasting veech et al 2017
30788345,agmatine,cadaverine,30788345,298,146,supplementation of putrescine and agmatine increases lifespan in worms by 1020 edwards et al 2015 whilst the role of cadaverine remains unexplored
30788345,putrescine,agmatine,30788345,298,146,supplementation of putrescine and agmatine increases lifespan in worms by 1020 edwards et al 2015 whilst the role of cadaverine remains unexplored
30788345,putrescine,cadaverine,30788345,298,146,supplementation of putrescine and agmatine increases lifespan in worms by 1020 edwards et al 2015 whilst the role of cadaverine remains unexplored
30788345,citrate,lyase,30788345,251,115,ochondrial malate dehydrogenase reaction 7 citlm citrate lyase reaction 8 isocitdehrxnm mitochondrial isocitrate
30788345,spermidine,synthase,30788345,297,111,however as shown in figure s7 spermidine synthase which catalyzes the biosynthesis of spermidine is upregulated
30788345,tca,aac,30788345,285,127,ed in worms figure s8 connecting a malfunctioning tca cycle with cellular aac contentpredicted exchange fluxes for glutamate in
30788345,glutamate,aac,30788345,285,206, iv as well as in tcacycle defective idh1 mutants glutamate become depleted in worms figure s8 connecting a malfunctioning tca cycle with cellular aac contentpredicted exchange fluxes for glutamate inside t
30788345,glutamate,tca,30788345,285,182, iv as well as in tcacycle defective idh1 mutants glutamate become depleted in worms figure s8 connecting a malfunctioning tca cycle with cellular aac contentpredicted exchange fluxe
30788345,glutamate,tca,30788345,280,227,given that fluxes leading to catabolism of glutamate are predicted to sharply decrease with age a plausible hypothesis is that depletion of glutamate in old animals is caused by a failure of the tca cycle to replenish glutamate
30788345,tca,glutamate,30788345,274,160,when using the modified objective function metabfba predicts that several fluxes that connect tca metabolites with glutamate are substantially altered figure 8
30788345,glutamate,tca,30788345,272,105,the fluxes through reactions that connect glutamate to the tca cycle are listed in supplementary table 11
30788345,tca,glutamate,30788345,269,194, it is one of the drivers of the aging processthe tca cycle is a source of energy but it can also produce and consume amino acids such as glutamate and aspartate reactions 10 and 11 in figure s3
30788345,glutamate,tca,30788345,286,124,all comparisons refer to reactions that connect glutamate to the tca cycle in days 45 or days 510 fem samples using three di
30788345,sadenosylmethioninamine,putrescine,30788345,200,194,this enzyme catalyzes the transfer of a polyamine group from sadenosylmethioninamine to putrescine in the biosynthesis of spermidine possibly reflecting an increased usage of spermidine with age
30788345,fumarate,citrate,30788345,251,197,qui oxidoreductase reaction 5 fumm mitochondrial fumarate hydratase reaction 6 mdhm mitochondrial malate dehydrogenase reaction 7 citlm citrate lyase reaction 8 isocitdehrxnm mitochondrial iso
30788345,2oxoglutarate,succinate,30788345,251,177,trate hydrolase reaction 2  akgdhm mitochondrial 2oxoglutarate dehydrogenase reaction 3 rxn9098m mitochondrial succinate dehydrogenase reaction 4 rm02164 succinateubiqui oxid
30788345,step,acetylcoa,30788345,205,124,ion of citrate synthase which catalyzes the first step of the tca cycle condensing acetylcoa and oxaloacetate to form citrat
30788345,citrate,synthase,30788345,205,116, levels with age figure s7b with the exception of citrate synthase which catalyzes the first step of the tca cycle c
30788345,acetylcoa,oxaloacetate,30788345,205,91,alyzes the first step of the tca cycle condensing acetylcoa and oxaloacetate to form citrat
30788345,synthase,oxaloacetate,30788345,205,159,with age figure s7b with the exception of citrate synthase which catalyzes the first step of the tca cycle condensing acetylcoa and oxaloacetate to form citrat
30788345,citrate,oxaloacetate,30788345,205,167, levels with age figure s7b with the exception of citrate synthase which catalyzes the first step of the tca cycle condensing acetylcoa and oxaloacetate to form citrat
30788345,tca,step,30788345,205,223,ysis indicated that most detected transcripts for tca enzymes show decreased levels with age figure s7b with the exception of citrate synthase which catalyzes the first step of the tca cycle condensing acetylcoa and oxaloac
30788345,citrate,step,30788345,205,150, levels with age figure s7b with the exception of citrate synthase which catalyzes the first step of the tca cycle condensing acetylcoa and oxaloaceta
30788345,tca,synthase,30788345,205,192,ysis indicated that most detected transcripts for tca enzymes show decreased levels with age figure s7b with the exception of citrate synthase which catalyzes the first step of the tca cycle c
30788345,step,oxaloacetate,30788345,205,124,ion of citrate synthase which catalyzes the first step of the tca cycle condensing acetylcoa and oxaloacetate to form citrat
30788345,tca,acetylcoa,30788345,205,243,ysis indicated that most detected transcripts for tca enzymes show decreased levels with age figure s7b with the exception of citrate synthase which catalyzes the first step of the tca cycle condensing acetylcoa and oxaloacetate to form citrat
30788345,tca,gem,30788345,202,242,an imbalance in the tca cycle in 10day old animals has been previously described wan et al 2017 and we observed in our metabolomics data a consistent change in both fem and gem with age indicating that changes were independent of the genotype
30788345,tca,oxaloacetate,30788345,201,122,ved in central carbon metabolism particularly the tca cycle were significantly changed with age eg lactate and oxaloacetat
30788345,tca,lactate,30788345,201,122,ved in central carbon metabolism particularly the tca cycle were significantly changed with age eg lactate and oxaloacetat
30788345,lactate,oxaloacetate,30788345,201,73, tca cycle were significantly changed with age eg lactate and oxaloacetat
30788345,putrescine,spermidine,30788345,200,194,this enzyme catalyzes the transfer of a polyamine group from sadenosylmethioninamine to putrescine in the biosynthesis of spermidine possibly reflecting an increased usage of spermidine with age
30788345,citrate,acetylcoa,30788345,205,167, levels with age figure s7b with the exception of citrate synthase which catalyzes the first step of the tca cycle condensing acetylcoa and oxaloacetate to form citrat
30788345,synthase,acetylcoa,30788345,205,159,with age figure s7b with the exception of citrate synthase which catalyzes the first step of the tca cycle condensing acetylcoa and oxaloacetate to form citrat
30788345,tca,oxaloacetate,30788345,205,243,ysis indicated that most detected transcripts for tca enzymes show decreased levels with age figure s7b with the exception of citrate synthase which catalyzes the first step of the tca cycle condensing acetylcoa and oxaloacetate to form citrat
30788345,synthase,step,30788345,205,143,with age figure s7b with the exception of citrate synthase which catalyzes the first step of the tca cycle condensing acetylcoa and oxaloacetat
30788345,2oxoglutarate,oxidoreductase,30788345,251,237,trate hydrolase reaction 2  akgdhm mitochondrial 2oxoglutarate dehydrogenase reaction 3 rxn9098m mitochondrial succinate dehydrogenase reaction 4 rm02164 succinateubiqui oxidoreductase reaction 5 fumm mitochondrial fumarate hydratase
30788345,hydrolase,2oxoglutarate,30788345,251,208,ion 1 raconitatehydrrxnm aconitase  isocitrate hydrolase reaction 1a rmc0001 cytosolic isocitrate hydrolase reaction 2  akgdhm mitochondrial 2oxoglutarate dehydrogenase reaction 3 rxn9098m mitochondrial
30788345,oxidoreductase,malate,30788345,251,210, dehydrogenase reaction 4 rm02164 succinateubiqui oxidoreductase reaction 5 fumm mitochondrial fumarate hydratase reaction 6 mdhm mitochondrial malate dehydrogenase reaction 7 citlm citrate lyase reaction 8 
30788345,fumarate,hydratase,30788345,251,118,qui oxidoreductase reaction 5 fumm mitochondrial fumarate hydratase reaction 6 mdhm mitochondrial malate dehydrogena
30788345,hydratase,citrate,30788345,251,189,reductase reaction 5 fumm mitochondrial fumarate hydratase reaction 6 mdhm mitochondrial malate dehydrogenase reaction 7 citlm citrate lyase reaction 8 isocitdehrxnm mitochondrial isoc
30788345,fumarate,malate,30788345,251,158,qui oxidoreductase reaction 5 fumm mitochondrial fumarate hydratase reaction 6 mdhm mitochondrial malate dehydrogenase reaction 7 citlm citrate lyase react
30788345,malate,citrate,30788345,251,146,fumarate hydratase reaction 6 mdhm mitochondrial malate dehydrogenase reaction 7 citlm citrate lyase reaction 8 isocitdehrxnm mitochondrial is
30788345,hydratase,lyase,30788345,251,197,reductase reaction 5 fumm mitochondrial fumarate hydratase reaction 6 mdhm mitochondrial malate dehydrogenase reaction 7 citlm citrate lyase reaction 8 isocitdehrxnm mitochondrial isocitrate d
30788345,hydratase,malate,30788345,251,150,reductase reaction 5 fumm mitochondrial fumarate hydratase reaction 6 mdhm mitochondrial malate dehydrogenase reaction 7 citlm citrate lyase reacti
30788345,succinate,oxidoreductase,30788345,251,173,dehydrogenase reaction 3 rxn9098m mitochondrial succinate dehydrogenase reaction 4 rm02164 succinateubiqui oxidoreductase reaction 5 fumm mitochondrial fumarate hydratase
30788345,137,map,30788345,236,147,example the flux at 137 h is the flux computed for the timeframe between 117 and 137 h d heat map of the fluxes catalyzed by reactions related to t
30788345,137,tca,30788345,236,203,example the flux at 137 h is the flux computed for the timeframe between 117 and 137 h d heat map of the fluxes catalyzed by reactions related to the tca cycle in fem animals at day 1 41 and 49 h day 2 6
30788345,map,tca,30788345,236,159,ed for the timeframe between 117 and 137 h d heat map of the fluxes catalyzed by reactions related to the tca cycle in fem animals at day 1 41 and 49 h day 2 6
30788345,gem,tca,30788345,232,132,interestingly in fem animals but not gem metabfba predicts a sharp decline in tca cycle total flux between days 4 and 5 subsequentl
30788345,key,tca,30788345,207,190,reflecting posttranscriptional alterations to the key enzymesstandard fba constrained by biomass production was unable to recapitulate measured in vivo fluxes through the tca cycle figure s3
30788345,tca,citrate,30788345,205,183,ysis indicated that most detected transcripts for tca enzymes show decreased levels with age figure s7b with the exception of citrate synthase which catalyzes the first step of the tc
30788345,dehydrogenase,succinate,30788345,251,163,e reaction 2  akgdhm mitochondrial 2oxoglutarate dehydrogenase reaction 3 rxn9098m mitochondrial succinate dehydrogenase reaction 4 rm02164 succinateubiqui oxid
30788345,methionine,cytidine,30788345,189,207,e threonine leucine lysine glutamateglutamic acid methionine tryptophan and arginine and some byproducts of amino acid metabolism homoserine cystathionine as well as nucleotides guanosine cytidine uridine gm
30788345,xanthosine,betaine,30788345,190,161,adation products of both nucleotides hypoxanthine xanthosine and allantoin and amino acid metabolism betaine carnitine leucic acid pentothenate kynurenic acid an
30788345,cystathionine,uridine,30788345,189,116,me byproducts of amino acid metabolism homoserine cystathionine as well as nucleotides guanosine cytidine uridine gm
30788345,methanol,acetate,30788345,67,99,solvent b consisted of 93 acetonitrile 5 water 2 methanol 02 acetic acid and 10 mm ammonium acetate
30788345,acetonitrile,ammonium,30788345,67,99,solvent b consisted of 93 acetonitrile 5 water 2 methanol 02 acetic acid and 10 mm ammonium acetate
30788345,methanol,ammonium,30788345,67,99,solvent b consisted of 93 acetonitrile 5 water 2 methanol 02 acetic acid and 10 mm ammonium acetate
30788345,acetonitrile,methanol,30788345,67,99,solvent b consisted of 93 acetonitrile 5 water 2 methanol 02 acetic acid and 10 mm ammonium acetate
30788345,ammonium,sigma,30788345,68,117,organic solvents and acetic acid were optima grade from fisher scientific usa ammonium acetate was from sigma aldrich
30788345,ammonium,acetate,30788345,68,117,organic solvents and acetic acid were optima grade from fisher scientific usa ammonium acetate was from sigma aldrich
30788345,acetate,sigma,30788345,68,117,organic solvents and acetic acid were optima grade from fisher scientific usa ammonium acetate was from sigma aldrich
30788345,acetonitrile,acetate,30788345,67,99,solvent b consisted of 93 acetonitrile 5 water 2 methanol 02 acetic acid and 10 mm ammonium acetate
30788345,cu2,zn2,30788345,91,246,all sources of input uptake were constrained to zero except oxygen maximum of 100 units allowed uptake bacterial input as food source maximum of 10 units allowed uptake and trace minerals and ions ca2 cu2 k mg2 mn2 na zn2 arbitrary allowed uptake
30788345,ca2,zn2,30788345,91,246,all sources of input uptake were constrained to zero except oxygen maximum of 100 units allowed uptake bacterial input as food source maximum of 10 units allowed uptake and trace minerals and ions ca2 cu2 k mg2 mn2 na zn2 arbitrary allowed uptake
30788345,cu2,mn2,30788345,91,246,all sources of input uptake were constrained to zero except oxygen maximum of 100 units allowed uptake bacterial input as food source maximum of 10 units allowed uptake and trace minerals and ions ca2 cu2 k mg2 mn2 na zn2 arbitrary allowed uptake
30788345,ca2,cu2,30788345,91,246,all sources of input uptake were constrained to zero except oxygen maximum of 100 units allowed uptake bacterial input as food source maximum of 10 units allowed uptake and trace minerals and ions ca2 cu2 k mg2 mn2 na zn2 arbitrary allowed uptake
30788345,ca2,mn2,30788345,91,246,all sources of input uptake were constrained to zero except oxygen maximum of 100 units allowed uptake bacterial input as food source maximum of 10 units allowed uptake and trace minerals and ions ca2 cu2 k mg2 mn2 na zn2 arbitrary allowed uptake
30788345,ca2,mg2,30788345,91,246,all sources of input uptake were constrained to zero except oxygen maximum of 100 units allowed uptake bacterial input as food source maximum of 10 units allowed uptake and trace minerals and ions ca2 cu2 k mg2 mn2 na zn2 arbitrary allowed uptake
30788345,mg2,zn2,30788345,91,246,all sources of input uptake were constrained to zero except oxygen maximum of 100 units allowed uptake bacterial input as food source maximum of 10 units allowed uptake and trace minerals and ions ca2 cu2 k mg2 mn2 na zn2 arbitrary allowed uptake
30788345,mn2,zn2,30788345,91,246,all sources of input uptake were constrained to zero except oxygen maximum of 100 units allowed uptake bacterial input as food source maximum of 10 units allowed uptake and trace minerals and ions ca2 cu2 k mg2 mn2 na zn2 arbitrary allowed uptake
30788345,cu2,mg2,30788345,91,246,all sources of input uptake were constrained to zero except oxygen maximum of 100 units allowed uptake bacterial input as food source maximum of 10 units allowed uptake and trace minerals and ions ca2 cu2 k mg2 mn2 na zn2 arbitrary allowed uptake
30788345,beh,acetonitrile,30788345,66,237,the samples were separated on a waters xbridge beh amide column 25 um 130 angstroms 21 x 150 mm operated in a hilic regime at 40 c solvent a consisted of 95 water 3 acetonitrile 2 methanol 02 acetic acid vvvv 10 mm ammonium acetate ph 42
30788345,beh,ammonium,30788345,66,237,the samples were separated on a waters xbridge beh amide column 25 um 130 angstroms 21 x 150 mm operated in a hilic regime at 40 c solvent a consisted of 95 water 3 acetonitrile 2 methanol 02 acetic acid vvvv 10 mm ammonium acetate ph 42
30788345,methanol,ammonium,30788345,66,237,the samples were separated on a waters xbridge beh amide column 25 um 130 angstroms 21 x 150 mm operated in a hilic regime at 40 c solvent a consisted of 95 water 3 acetonitrile 2 methanol 02 acetic acid vvvv 10 mm ammonium acetate ph 42
30788345,serine,methionine,30788345,189,165,time contains most measured amino acids including serine threonine leucine lysine glutamateglutamic acid methionine tryptophan and arginine and some byproducts of am
30788345,key,atp,30788345,12,239,another key metabolic change is that mitochondria become fragmented and lose volume yasuda et al 2006 regmi et al 2014 with a concurrent loss of electron chain oxygen consumption and atp production braeckman et al 2002 houthoofd et al 2005
30788345,oxaloacetate,alphaketoglutarate,30788345,15,151,abolites that are able to delay aging in worms eg oxaloacetate williams et al 2009 alphaketoglutarate chin et al 2014 and nacylethanolamine lucanic et 
30788345,alphaketoglutarate,decay,30788345,15,234,ging in worms eg oxaloacetate williams et al 2009 alphaketoglutarate chin et al 2014 and nacylethanolamine lucanic et al 2011omics techniques can provide a global overview and aid in the elucidation of the causes underlying early deca
30788345,tca,oxaloacetate,30788345,36,233,this optimized method correctly predicts that the most decreased fluxes within the tca metabolic shift are through oxaloacetate in line with experiments that show that it becomes the most limiting tcarelated metabolite in old animals
30788345,glutamate,tca,30788345,37,128,the model also provides a mechanistic explanation that links the decreased production of glutamate to a malfunctioning tca cycle
30788345,lab,mg2,30788345,40,131,ej1171 was a kind gift from eric lambies lab kemp et al 2009 stocks were grown at 16c in mg2 containing plates and thawed regularly
30788345,sodium,potassium,30788345,44,195,synchronized experimental populations were prepared by washing gravid adults and eggs from plates and bleaching in a freshly prepared solution of 1 sodium hypochlorite and 1 m potassium hydroxide
30788345,nacl,mgso4,30788345,45,154,eggs were allowed to hatch overnight at 25c in m9 solution 22 mm kh2p04 42 mm na2hp04 86 mm nacl 1 mm mgso4 to ensure all animals arrested at the l1 stage
30788345,list,210,30788345,62,112,h effectstargeted lcmsms metabolomics targeting a list of 210 metabolites was performed on a system consisting o
30788345,ammonium,acetate,30788345,66,237,the samples were separated on a waters xbridge beh amide column 25 um 130 angstroms 21 x 150 mm operated in a hilic regime at 40 c solvent a consisted of 95 water 3 acetonitrile 2 methanol 02 acetic acid vvvv 10 mm ammonium acetate ph 42
30788345,acetonitrile,acetate,30788345,66,237,the samples were separated on a waters xbridge beh amide column 25 um 130 angstroms 21 x 150 mm operated in a hilic regime at 40 c solvent a consisted of 95 water 3 acetonitrile 2 methanol 02 acetic acid vvvv 10 mm ammonium acetate ph 42
30788345,beh,acetate,30788345,66,237,the samples were separated on a waters xbridge beh amide column 25 um 130 angstroms 21 x 150 mm operated in a hilic regime at 40 c solvent a consisted of 95 water 3 acetonitrile 2 methanol 02 acetic acid vvvv 10 mm ammonium acetate ph 42
30788345,beh,methanol,30788345,66,237,the samples were separated on a waters xbridge beh amide column 25 um 130 angstroms 21 x 150 mm operated in a hilic regime at 40 c solvent a consisted of 95 water 3 acetonitrile 2 methanol 02 acetic acid vvvv 10 mm ammonium acetate ph 42
30788345,methanol,acetate,30788345,66,237,the samples were separated on a waters xbridge beh amide column 25 um 130 angstroms 21 x 150 mm operated in a hilic regime at 40 c solvent a consisted of 95 water 3 acetonitrile 2 methanol 02 acetic acid vvvv 10 mm ammonium acetate ph 42
30788345,acetonitrile,methanol,30788345,66,237,the samples were separated on a waters xbridge beh amide column 25 um 130 angstroms 21 x 150 mm operated in a hilic regime at 40 c solvent a consisted of 95 water 3 acetonitrile 2 methanol 02 acetic acid vvvv 10 mm ammonium acetate ph 42
30788345,acetonitrile,ammonium,30788345,66,237,the samples were separated on a waters xbridge beh amide column 25 um 130 angstroms 21 x 150 mm operated in a hilic regime at 40 c solvent a consisted of 95 water 3 acetonitrile 2 methanol 02 acetic acid vvvv 10 mm ammonium acetate ph 42
30788345,mg2,mn2,30788345,91,246,all sources of input uptake were constrained to zero except oxygen maximum of 100 units allowed uptake bacterial input as food source maximum of 10 units allowed uptake and trace minerals and ions ca2 cu2 k mg2 mn2 na zn2 arbitrary allowed uptake
30788345,triacylglycerols,trehalose,30788345,92,175,the biomass reaction used as the default objective function included glycans phospholipids collagens dna rna free fatty acids glycogens proteins triacylglycerols and trehalose
30788345,ammonium,acetate,30788345,67,99,solvent b consisted of 93 acetonitrile 5 water 2 methanol 02 acetic acid and 10 mm ammonium acetate
30788345,rna,trehalose,30788345,92,175,the biomass reaction used as the default objective function included glycans phospholipids collagens dna rna free fatty acids glycogens proteins triacylglycerols and trehalose
30788345,hand,pc2,30788345,166,177,on the other hand the transcriptomics displays a large division across both pc1 and pc2 by strain although age still accounts for a large proportion of the variability figure 2f
30788345,hypoxanthine,malate,30788345,182,177,some metabolites drift with age a gradually change for linoleic acid hypoxanthine and malate whereas others show abrupt shifts at specific time points during early or late aging
30788345,137,map,30788345,183,184,for example the levels of several amino acids drop at day 1 of aging between 41 and 49 h and then again sometime after day 5 137 hclustered heat map showing metabolite levels over time
30788345,map,row,30788345,184,111,the heat map shows row metabolite zscores ie deviations from the average across time points for each metabolite
30788345,row,red,30788345,188,166,the row sidebar illustrates whether the metabolites have been determined to be increasing or decreasing with age red for increasing blue for decreasingour study gener
30788345,methionine,homoserine,30788345,189,190,e threonine leucine lysine glutamateglutamic acid methionine tryptophan and arginine and some byproducts of amino acid metabolism homoserine cystathionine as well as nucleotides guanosine cy
30788345,cytidine,uridine,30788345,189,69,ne cystathionine as well as nucleotides guanosine cytidine uridine gm
30788345,tryptophan,cytidine,30788345,189,196, leucine lysine glutamateglutamic acid methionine tryptophan and arginine and some byproducts of amino acid metabolism homoserine cystathionine as well as nucleotides guanosine cytidine uridine gm
30788345,cystathionine,gmp,30788345,189,116,me byproducts of amino acid metabolism homoserine cystathionine as well as nucleotides guanosine cytidine uridine gm
30788345,leucine,gmp,30788345,189,245,t measured amino acids including serine threonine leucine lysine glutamateglutamic acid methionine tryptophan and arginine and some byproducts of amino acid metabolism homoserine cystathionine as well as nucleotides guanosine cytidine uridine gm
30788345,serine,leucine,30788345,189,124,time contains most measured amino acids including serine threonine leucine lysine glutamateglutamic acid methionine tryptoph
30788345,homoserine,cystathionine,30788345,189,124,nine and some byproducts of amino acid metabolism homoserine cystathionine as well as nucleotides guanosine cytidine uridine
30788345,leucine,uridine,30788345,189,245,t measured amino acids including serine threonine leucine lysine glutamateglutamic acid methionine tryptophan and arginine and some byproducts of amino acid metabolism homoserine cystathionine as well as nucleotides guanosine cytidine uridine gm
30788345,arginine,cytidine,30788345,189,181, glutamateglutamic acid methionine tryptophan and arginine and some byproducts of amino acid metabolism homoserine cystathionine as well as nucleotides guanosine cytidine uridine gm
30788345,leucine,tryptophan,30788345,189,159,t measured amino acids including serine threonine leucine lysine glutamateglutamic acid methionine tryptophan and arginine and some byproducts of amino acid me
30788345,rna,triacylglycerols,30788345,92,175,the biomass reaction used as the default objective function included glycans phospholipids collagens dna rna free fatty acids glycogens proteins triacylglycerols and trehalose
30788345,methionine,guanosine,30788345,189,207,e threonine leucine lysine glutamateglutamic acid methionine tryptophan and arginine and some byproducts of amino acid metabolism homoserine cystathionine as well as nucleotides guanosine cytidine uridine gm
30788345,succinate,malate,30788345,147,123,re s3a including those leading to accumulation of succinate and malate were not accurately reproduced by the in silico knoc
30788345,alphaketoglutarate,glutamate,30788345,146,219,in addition in silico lack of alphaketoglutarate concurred to some extent with in vivo metabolic flux experiments causing a reduction in the fluxes that lead to glutamate production and an increase in citrate production
30788345,methionine,arginine,30788345,189,136,e threonine leucine lysine glutamateglutamic acid methionine tryptophan and arginine and some byproducts of amino acid metabolism homose
30788345,glucose,tca,30788345,139,239,here we took advantage of a previous study where mass spectrometry was used to quantify fluxes using the relationship between a labeled precursor glucose provided in the food and several products of the tca cycle schrier vergano et al 2014
30788345,glutamate,citrate,30788345,146,219,in addition in silico lack of alphaketoglutarate concurred to some extent with in vivo metabolic flux experiments causing a reduction in the fluxes that lead to glutamate production and an increase in citrate production
30788345,tca,dehydrogenase,30788345,141,179,ux profiling directly measured fluxes through the tca cycle in wild type worms as well as in mutants for isocitrate dehydrogenase idh1 the enzyme that produces alphaketoglutarate 
30788345,dehydrogenase,alphaketoglutarate,30788345,141,162,d type worms as well as in mutants for isocitrate dehydrogenase idh1 the enzyme that produces alphaketoglutarate from isocitrate figure s3a reaction 3 schrier ver
30788345,tca,alphaketoglutarate,30788345,141,228,ux profiling directly measured fluxes through the tca cycle in wild type worms as well as in mutants for isocitrate dehydrogenase idh1 the enzyme that produces alphaketoglutarate from isocitrate figure s3a reaction 3 schrier ver
30788345,malate,glutamate,30788345,142,198,in the absence of this upstream enzyme significant changes in fluxes were identified that led to the accumulation of lactate fumarate succinate malate and in the depletion of glutamate and aspartate
30788345,succinate,glutamate,30788345,142,198,in the absence of this upstream enzyme significant changes in fluxes were identified that led to the accumulation of lactate fumarate succinate malate and in the depletion of glutamate and aspartate
30788345,fumarate,glutamate,30788345,142,198,in the absence of this upstream enzyme significant changes in fluxes were identified that led to the accumulation of lactate fumarate succinate malate and in the depletion of glutamate and aspartate
30788345,lactate,malate,30788345,142,198,in the absence of this upstream enzyme significant changes in fluxes were identified that led to the accumulation of lactate fumarate succinate malate and in the depletion of glutamate and aspartate
30788345,lactate,glutamate,30788345,142,198,in the absence of this upstream enzyme significant changes in fluxes were identified that led to the accumulation of lactate fumarate succinate malate and in the depletion of glutamate and aspartate
30788345,lactate,succinate,30788345,142,198,in the absence of this upstream enzyme significant changes in fluxes were identified that led to the accumulation of lactate fumarate succinate malate and in the depletion of glutamate and aspartate
30788345,fumarate,succinate,30788345,142,198,in the absence of this upstream enzyme significant changes in fluxes were identified that led to the accumulation of lactate fumarate succinate malate and in the depletion of glutamate and aspartate
30788345,succinate,malate,30788345,142,198,in the absence of this upstream enzyme significant changes in fluxes were identified that led to the accumulation of lactate fumarate succinate malate and in the depletion of glutamate and aspartate
30788345,lactate,fumarate,30788345,142,198,in the absence of this upstream enzyme significant changes in fluxes were identified that led to the accumulation of lactate fumarate succinate malate and in the depletion of glutamate and aspartate
30788345,idh,alphaketoglutarate,30788345,145,184,we observed that as expected the loss of idh activity eliminated fluxes through the reaction it catalyzes making alphaketoglutarate from isocitrate supplementary table 3 and figure s3b
30788345,alphaketoglutarate,citrate,30788345,146,219,in addition in silico lack of alphaketoglutarate concurred to some extent with in vivo metabolic flux experiments causing a reduction in the fluxes that lead to glutamate production and an increase in citrate production
30788345,fumarate,malate,30788345,142,198,in the absence of this upstream enzyme significant changes in fluxes were identified that led to the accumulation of lactate fumarate succinate malate and in the depletion of glutamate and aspartate
30788345,glutathione,tca,30788345,137,223,we found that the most enriched include fluxes through pathways that are expected to change with age such as purine and pyrimidine and amino acid metabolism oxidative phosphorylation glutathione metabolism and the tca cycle
30796049,map,age1,30796049,178,226,bar meansem n7schematic representation of purine degradation pathway with overlaid molecule activity predictor map analysis showing increased purine degradation in age1 gas1 mutants and the consequent xanthine accumulation
30796049,age1,xanthine,30796049,178,226,bar meansem n7schematic representation of purine degradation pathway with overlaid molecule activity predictor map analysis showing increased purine degradation in age1 gas1 mutants and the consequent xanthine accumulation
30796049,sem,xanthine,30796049,178,226,bar meansem n7schematic representation of purine degradation pathway with overlaid molecule activity predictor map analysis showing increased purine degradation in age1 gas1 mutants and the consequent xanthine accumulation
30796049,sem,map,30796049,178,226,bar meansem n7schematic representation of purine degradation pathway with overlaid molecule activity predictor map analysis showing increased purine degradation in age1 gas1 mutants and the consequent xanthine accumulation
30796049,xanthine,oxidase,30796049,182,66,right xanthine oxidase activity levels normalized to animal number
30796049,map,xanthine,30796049,178,226,bar meansem n7schematic representation of purine degradation pathway with overlaid molecule activity predictor map analysis showing increased purine degradation in age1 gas1 mutants and the consequent xanthine accumulation
30796049,sem,age1,30796049,178,226,bar meansem n7schematic representation of purine degradation pathway with overlaid molecule activity predictor map analysis showing increased purine degradation in age1 gas1 mutants and the consequent xanthine accumulation
30796049,sem,pan,30796049,183,228,bars meansem n2 nsnonsignificant mannwhitney utestschematic representations of xanthine and the methylxanthines used in this studyimmunoblot analysis of phosphoakt s473 pan akt phosphopras40 t246 and total pras40 in wt and
30796049,pan,dmso,30796049,183,195, this studyimmunoblot analysis of phosphoakt s473 pan akt phosphopras40 t246 and total pras40 in wt and ndufa9 ko hap1 cells treated with 02 dmso  or amp 2m enpf 2m and ptx 36m  for 24h ac
30796049,ptx,actin,30796049,183,125,s treated with 02 dmso  or amp 2m enpf 2m and ptx 36m  for 24h actin loading controlimmunoblot analysis of phosphopka 
30796049,akt,pras40,30796049,183,139,s studyimmunoblot analysis of phosphoakt s473 pan akt phosphopras40 t246 and total pras40 in wt and ndufa9 ko hap1 cells treated with 02 dm
30796049,dmso,actin,30796049,183,157,40 in wt and ndufa9 ko hap1 cells treated with 02 dmso  or amp 2m enpf 2m and ptx 36m  for 24h actin loading controlimmunoblot analysis of phosphopka 
30796049,sem,xanthine,30796049,183,143,bars meansem n2 nsnonsignificant mannwhitney utestschematic representations of xanthine and the methylxanthines used in this studyimmunob
30796049,pras40,actin,30796049,183,212,sphoakt s473 pan akt phosphopras40 t246 and total pras40 in wt and ndufa9 ko hap1 cells treated with 02 dmso  or amp 2m enpf 2m and ptx 36m  for 24h actin loading controlimmunoblot analysis of phosphopka s
30796049,pan,ptx,30796049,183,226, this studyimmunoblot analysis of phosphoakt s473 pan akt phosphopras40 t246 and total pras40 in wt and ndufa9 ko hap1 cells treated with 02 dmso  or amp 2m enpf 2m and ptx 36m  for 24h actin loading controlimmunoblot a
30796049,xanthine,pras40,30796049,183,235,ant mannwhitney utestschematic representations of xanthine and the methylxanthines used in this studyimmunoblot analysis of phosphoakt s473 pan akt phosphopras40 t246 and total pras40 in wt and ndufa9 ko hap1 cells treated with 02 dmso
30796049,red,dark,30796049,177,113,red bars not significant light blue bars fdr10 log2fold change123 dark blue bars fdr10 log2fold change123
30796049,akt,dmso,30796049,183,191,s studyimmunoblot analysis of phosphoakt s473 pan akt phosphopras40 t246 and total pras40 in wt and ndufa9 ko hap1 cells treated with 02 dmso  or amp 2m enpf 2m and ptx 36m  for 24h ac
30796049,red,age1,30796049,175,148,red stars significantly altered lipids in age1 gas1 versus gas1 5 fdr n5nmr1d targeted metabolic profiling in age1 gas1 mutants normalized to gas1
30796049,mtor,akt,30796049,22,124,her this line of evidence suggests that decreased mtor and eventually akt pathway preserves energy and metabolite supply pre
30796049,xanthine,oxidase,30796049,173,205,these data point toward a scenario in which xanthine buildup occurs through inhibition of xanthine dehydrogenase ie xanthine degradation and not through activation of xanthine oxidase ie xanthine synthesis
30796049,nadh,dehydrogenase,30796049,32,136,the gas1 gene encodes for a respiratory complex i subunit that is homologous to the human nadh dehydrogenase ironsulfur protein 2 ndufs2
30796049,xanthine,pan,30796049,183,198,ant mannwhitney utestschematic representations of xanthine and the methylxanthines used in this studyimmunoblot analysis of phosphoakt s473 pan akt phosphopras40 t246 and total pras40 in wt and nduf
30796049,rapamycin,peng,30796049,21,218,moreover rapamycin partially ameliorates kidney failure in coenzyme qdeficient mutant mice peng etal 2015 and maintains cellular atp levels in human differentiated neurons exposed to oxphos inhibitors zheng etal 2016
30796049,peng,atp,30796049,21,218,moreover rapamycin partially ameliorates kidney failure in coenzyme qdeficient mutant mice peng etal 2015 and maintains cellular atp levels in human differentiated neurons exposed to oxphos inhibitors zheng etal 2016
30796049,rapamycin,atp,30796049,21,218,moreover rapamycin partially ameliorates kidney failure in coenzyme qdeficient mutant mice peng etal 2015 and maintains cellular atp levels in human differentiated neurons exposed to oxphos inhibitors zheng etal 2016
30796049,mtor,pathology,30796049,20,202,in this regard treatment with the mtor inhibitor rapamycin extends the lifespan of complex ideficient nematodes peng etal 2015 and alleviates pathology in ndufs4 knockout tk2 knockin podocytespecific p
30796049,rapamycin,peng,30796049,20,171,in this regard treatment with the mtor inhibitor rapamycin extends the lifespan of complex ideficient nematodes peng etal 2015 and alleviates pathology in ndufs4 knockout
30796049,rapamycin,pathology,30796049,20,202,in this regard treatment with the mtor inhibitor rapamycin extends the lifespan of complex ideficient nematodes peng etal 2015 and alleviates pathology in ndufs4 knockout tk2 knockin podocytespecific p
30796049,dehydrogenase,oxidase,30796049,173,205,these data point toward a scenario in which xanthine buildup occurs through inhibition of xanthine dehydrogenase ie xanthine degradation and not through activation of xanthine oxidase ie xanthine synthesis
30796049,peng,pathology,30796049,20,140,ends the lifespan of complex ideficient nematodes peng etal 2015 and alleviates pathology in ndufs4 knockout tk2 knockin podocytespecific p
30796049,peng,phb2,30796049,20,193,ends the lifespan of complex ideficient nematodes peng etal 2015 and alleviates pathology in ndufs4 knockout tk2 knockin podocytespecific phb2 knockout mitochondrial dna mutant and aifdeficien
30796049,pathology,phb2,30796049,20,167,eficient nematodes peng etal 2015 and alleviates pathology in ndufs4 knockout tk2 knockin podocytespecific phb2 knockout mitochondrial dna mutant and aifdeficient mic
30796049,inhibitor,pathology,30796049,20,202,in this regard treatment with the mtor inhibitor rapamycin extends the lifespan of complex ideficient nematodes peng etal 2015 and alleviates pathology in ndufs4 knockout tk2 knockin podocytespecific p
30796049,mtor,rapamycin,30796049,20,108,in this regard treatment with the mtor inhibitor rapamycin extends the lifespan of complex ideficient nemato
30796049,inhibitor,peng,30796049,20,171,in this regard treatment with the mtor inhibitor rapamycin extends the lifespan of complex ideficient nematodes peng etal 2015 and alleviates pathology in ndufs4 knockout
30796049,inhibitor,rapamycin,30796049,20,108,in this regard treatment with the mtor inhibitor rapamycin extends the lifespan of complex ideficient nemato
30796049,mtor,inhibitor,30796049,20,98,in this regard treatment with the mtor inhibitor rapamycin extends the lifespan of complex idefici
30796049,xanthine,dehydrogenase,30796049,173,205,these data point toward a scenario in which xanthine buildup occurs through inhibition of xanthine dehydrogenase ie xanthine degradation and not through activation of xanthine oxidase ie xanthine synthesis
30796049,mtor,peng,30796049,20,166,in this regard treatment with the mtor inhibitor rapamycin extends the lifespan of complex ideficient nematodes peng etal 2015 and alleviates pathology in ndufs4 kno
30796049,dmso,ptx,30796049,183,136,40 in wt and ndufa9 ko hap1 cells treated with 02 dmso  or amp 2m enpf 2m and ptx 36m  for 24h actin loading controlimmunoblot an
30796049,amp,ptx,30796049,194,126,and ndufa9 ko hap1 cells treated with 02 dmso  or amp 2m enpf 2m and ptx 36m  for 24h actin loading controlimmunoblot a
30796049,pan,pras40,30796049,183,143, this studyimmunoblot analysis of phosphoakt s473 pan akt phosphopras40 t246 and total pras40 in wt and ndufa9 ko hap1 cells treated with 02 dm
30796049,akt,dmso,30796049,194,191,s studyimmunoblot analysis of phosphoakt s473 pan akt phosphopras40 t246 and total pras40 in wt and ndufa9 ko hap1 cells treated with 02 dmso  or amp 2m enpf 2m and ptx 36m  for 24h ac
30796049,ptx,actin,30796049,194,125,s treated with 02 dmso  or amp 2m enpf 2m and ptx 36m  for 24h actin loading controlimmunoblot analysis of phosphopka 
30796049,akt,pras40,30796049,194,139,s studyimmunoblot analysis of phosphoakt s473 pan akt phosphopras40 t246 and total pras40 in wt and ndufa9 ko hap1 cells treated with 02 dm
30796049,dmso,actin,30796049,194,157,40 in wt and ndufa9 ko hap1 cells treated with 02 dmso  or amp 2m enpf 2m and ptx 36m  for 24h actin loading controlimmunoblot analysis of phosphopka 
30796049,sem,xanthine,30796049,194,143,bars meansem n2 nsnonsignificant mannwhitney utestschematic representations of xanthine and the methylxanthines used in this studyimmunob
30796049,pras40,actin,30796049,194,212,sphoakt s473 pan akt phosphopras40 t246 and total pras40 in wt and ndufa9 ko hap1 cells treated with 02 dmso  or amp 2m enpf 2m and ptx 36m  for 24h actin loading controlimmunoblot analysis of phosphopka s
30796049,pan,ptx,30796049,194,226, this studyimmunoblot analysis of phosphoakt s473 pan akt phosphopras40 t246 and total pras40 in wt and ndufa9 ko hap1 cells treated with 02 dmso  or amp 2m enpf 2m and ptx 36m  for 24h actin loading controlimmunoblot a
30796049,pan,dmso,30796049,194,195, this studyimmunoblot analysis of phosphoakt s473 pan akt phosphopras40 t246 and total pras40 in wt and ndufa9 ko hap1 cells treated with 02 dmso  or amp 2m enpf 2m and ptx 36m  for 24h ac
30796049,sem,pan,30796049,194,228,bars meansem n2 nsnonsignificant mannwhitney utestschematic representations of xanthine and the methylxanthines used in this studyimmunoblot analysis of phosphoakt s473 pan akt phosphopras40 t246 and total pras40 in wt and
30796049,xanthine,pras40,30796049,194,235,ant mannwhitney utestschematic representations of xanthine and the methylxanthines used in this studyimmunoblot analysis of phosphoakt s473 pan akt phosphopras40 t246 and total pras40 in wt and ndufa9 ko hap1 cells treated with 02 dmso
30796049,dmso,ptx,30796049,194,136,40 in wt and ndufa9 ko hap1 cells treated with 02 dmso  or amp 2m enpf 2m and ptx 36m  for 24h actin loading controlimmunoblot an
30796049,pan,amp,30796049,194,203, this studyimmunoblot analysis of phosphoakt s473 pan akt phosphopras40 t246 and total pras40 in wt and ndufa9 ko hap1 cells treated with 02 dmso  or amp 2m enpf 2m and ptx 36m  for 24h actin load
30796049,pan,pras40,30796049,194,143, this studyimmunoblot analysis of phosphoakt s473 pan akt phosphopras40 t246 and total pras40 in wt and ndufa9 ko hap1 cells treated with 02 dm
30796049,pras40,ptx,30796049,194,192,sphoakt s473 pan akt phosphopras40 t246 and total pras40 in wt and ndufa9 ko hap1 cells treated with 02 dmso  or amp 2m enpf 2m and ptx 36m  for 24h actin loading controlimmunoblot anal
30796049,pi3kage1,lin,30796049,38,214,in celegans the sole insulinigf1 receptor daf2 regulates the activity of pi3kage1 and through the downstream kinases pdk1 and akt12 controls the transcription factor daf16 lin etal 1997 ogg etal 1997 kenyon 2010
30796049,akt,amp,30796049,194,199,s studyimmunoblot analysis of phosphoakt s473 pan akt phosphopras40 t246 and total pras40 in wt and ndufa9 ko hap1 cells treated with 02 dmso  or amp 2m enpf 2m and ptx 36m  for 24h actin load
30796049,pras40,dmso,30796049,194,160,sphoakt s473 pan akt phosphopras40 t246 and total pras40 in wt and ndufa9 ko hap1 cells treated with 02 dmso  or amp 2m enpf 2m and ptx 36m  for 24h acti
30796049,xanthine,akt,30796049,194,202,ant mannwhitney utestschematic representations of xanthine and the methylxanthines used in this studyimmunoblot analysis of phosphoakt s473 pan akt phosphopras40 t246 and total pras40 in wt and ndufa9 k
30796049,xanthine,pan,30796049,194,198,ant mannwhitney utestschematic representations of xanthine and the methylxanthines used in this studyimmunoblot analysis of phosphoakt s473 pan akt phosphopras40 t246 and total pras40 in wt and nduf
30796049,xanthine,oxidase,30796049,193,66,right xanthine oxidase activity levels normalized to animal number
30796049,age1,xanthine,30796049,189,226,bar meansem n7schematic representation of purine degradation pathway with overlaid molecule activity predictor map analysis showing increased purine degradation in age1 gas1 mutants and the consequent xanthine accumulation
30796049,sem,xanthine,30796049,189,226,bar meansem n7schematic representation of purine degradation pathway with overlaid molecule activity predictor map analysis showing increased purine degradation in age1 gas1 mutants and the consequent xanthine accumulation
30796049,pras40,ptx,30796049,183,192,sphoakt s473 pan akt phosphopras40 t246 and total pras40 in wt and ndufa9 ko hap1 cells treated with 02 dmso  or amp 2m enpf 2m and ptx 36m  for 24h actin loading controlimmunoblot anal
30796049,amp,ptx,30796049,183,126,and ndufa9 ko hap1 cells treated with 02 dmso  or amp 2m enpf 2m and ptx 36m  for 24h actin loading controlimmunoblot a
30796049,akt,amp,30796049,183,199,s studyimmunoblot analysis of phosphoakt s473 pan akt phosphopras40 t246 and total pras40 in wt and ndufa9 ko hap1 cells treated with 02 dmso  or amp 2m enpf 2m and ptx 36m  for 24h actin load
30796049,pras40,dmso,30796049,183,160,sphoakt s473 pan akt phosphopras40 t246 and total pras40 in wt and ndufa9 ko hap1 cells treated with 02 dmso  or amp 2m enpf 2m and ptx 36m  for 24h acti
30796049,xanthine,akt,30796049,183,202,ant mannwhitney utestschematic representations of xanthine and the methylxanthines used in this studyimmunoblot analysis of phosphoakt s473 pan akt phosphopras40 t246 and total pras40 in wt and ndufa9 k
30796049,sem,akt,30796049,183,232,bars meansem n2 nsnonsignificant mannwhitney utestschematic representations of xanthine and the methylxanthines used in this studyimmunoblot analysis of phosphoakt s473 pan akt phosphopras40 t246 and total pras40 in wt and ndu
30796049,pan,akt,30796049,183,107, this studyimmunoblot analysis of phosphoakt s473 pan akt phosphopras40 t246 and total pras40 in wt and ndu
30796049,dmso,amp,30796049,183,113,40 in wt and ndufa9 ko hap1 cells treated with 02 dmso  or amp 2m enpf 2m and ptx 36m  for 24h actin loadi
30796049,amp,actin,30796049,183,148,and ndufa9 ko hap1 cells treated with 02 dmso  or amp 2m enpf 2m and ptx 36m  for 24h actin loading controlimmunoblot analysis of phosphopka 
30796049,pras40,amp,30796049,183,169,sphoakt s473 pan akt phosphopras40 t246 and total pras40 in wt and ndufa9 ko hap1 cells treated with 02 dmso  or amp 2m enpf 2m and ptx 36m  for 24h actin loading
30796049,pan,actin,30796049,183,248, this studyimmunoblot analysis of phosphoakt s473 pan akt phosphopras40 t246 and total pras40 in wt and ndufa9 ko hap1 cells treated with 02 dmso  or amp 2m enpf 2m and ptx 36m  for 24h actin loading controlimmunoblot analysis of phosphopka 
30796049,akt,ptx,30796049,183,222,s studyimmunoblot analysis of phosphoakt s473 pan akt phosphopras40 t246 and total pras40 in wt and ndufa9 ko hap1 cells treated with 02 dmso  or amp 2m enpf 2m and ptx 36m  for 24h actin loading controlimmunoblot a
30796049,akt,actin,30796049,183,244,s studyimmunoblot analysis of phosphoakt s473 pan akt phosphopras40 t246 and total pras40 in wt and ndufa9 ko hap1 cells treated with 02 dmso  or amp 2m enpf 2m and ptx 36m  for 24h actin loading controlimmunoblot analysis of phosphopka 
30796049,red,age1,30796049,186,148,red stars significantly altered lipids in age1 gas1 versus gas1 5 fdr n5nmr1d targeted metabolic profiling in age1 gas1 mutants normalized to gas1
30796049,red,dark,30796049,188,113,red bars not significant light blue bars fdr10 log2fold change123 dark blue bars fdr10 log2fold change123
30796049,map,xanthine,30796049,189,226,bar meansem n7schematic representation of purine degradation pathway with overlaid molecule activity predictor map analysis showing increased purine degradation in age1 gas1 mutants and the consequent xanthine accumulation
30796049,sem,map,30796049,189,226,bar meansem n7schematic representation of purine degradation pathway with overlaid molecule activity predictor map analysis showing increased purine degradation in age1 gas1 mutants and the consequent xanthine accumulation
30796049,sem,age1,30796049,189,226,bar meansem n7schematic representation of purine degradation pathway with overlaid molecule activity predictor map analysis showing increased purine degradation in age1 gas1 mutants and the consequent xanthine accumulation
30796049,map,age1,30796049,189,226,bar meansem n7schematic representation of purine degradation pathway with overlaid molecule activity predictor map analysis showing increased purine degradation in age1 gas1 mutants and the consequent xanthine accumulation
30796049,pan,amp,30796049,183,203, this studyimmunoblot analysis of phosphoakt s473 pan akt phosphopras40 t246 and total pras40 in wt and ndufa9 ko hap1 cells treated with 02 dmso  or amp 2m enpf 2m and ptx 36m  for 24h actin load
30796049,daf16,lin,30796049,38,214,in celegans the sole insulinigf1 receptor daf2 regulates the activity of pi3kage1 and through the downstream kinases pdk1 and akt12 controls the transcription factor daf16 lin etal 1997 ogg etal 1997 kenyon 2010
30796049,age1,sem,30796049,140,202, biological replicatesdrepresentative lifespan of age1 gas1 double mutant and age1 aak2 gas1 triple mutant nematodes with average median lifespanssem from all replicates indicated beneath representati
30796049,pdk1,lin,30796049,38,214,in celegans the sole insulinigf1 receptor daf2 regulates the activity of pi3kage1 and through the downstream kinases pdk1 and akt12 controls the transcription factor daf16 lin etal 1997 ogg etal 1997 kenyon 2010
30796049,post,age1,30796049,72,225,right panel values of the maximum total recovery per strainsem pvalue0001 pvalue00001 oneway anova tukeys post hoc correctionrepresentative lifespan of age1 gas1 nematodes fed with empty vector ev and fzo1 rnai bacteria
30796049,age1,fzo1,30796049,72,225,right panel values of the maximum total recovery per strainsem pvalue0001 pvalue00001 oneway anova tukeys post hoc correctionrepresentative lifespan of age1 gas1 nematodes fed with empty vector ev and fzo1 rnai bacteria
30796049,sem,fzo1,30796049,72,225,right panel values of the maximum total recovery per strainsem pvalue0001 pvalue00001 oneway anova tukeys post hoc correctionrepresentative lifespan of age1 gas1 nematodes fed with empty vector ev and fzo1 rnai bacteria
30796049,sem,post,30796049,72,225,right panel values of the maximum total recovery per strainsem pvalue0001 pvalue00001 oneway anova tukeys post hoc correctionrepresentative lifespan of age1 gas1 nematodes fed with empty vector ev and fzo1 rnai bacteria
30796049,atp,age1,30796049,75,77,we measured atp and oxygen consumption rate ocr in gas1 and age1 gas1 mutants
30796049,age1,atp,30796049,76,179,compared to gas1 mutants age1 gas1 double mutant nematodes exhibited a large increase of atp levels despite the lack of improvement in basal mitochondrial respiration fig1g and h
30796049,age1,ipa,30796049,84,138,to compare transcriptomic profiles from gas1 mutant and age1 gas1 double mutant animals we conducted an unbiased pathway analysis with ipa
30796049,mtor,age1,30796049,86,134,specifically eif2 eif4p70s6k and mtor signaling pathways were significantly downregulated in age1 gas1 compared to gas1 mutants fig2b
30796049,sem,age1,30796049,72,225,right panel values of the maximum total recovery per strainsem pvalue0001 pvalue00001 oneway anova tukeys post hoc correctionrepresentative lifespan of age1 gas1 nematodes fed with empty vector ev and fzo1 rnai bacteria
30796049,ipa,age1,30796049,93,167,ipa of the proteomic data predicted energy production ie atp synthesis and lipid metabolism to be differentially regulated in age1 gas1 compared to gas1 mutants fig2f
30796049,ipa,atp,30796049,93,167,ipa of the proteomic data predicted energy production ie atp synthesis and lipid metabolism to be differentially regulated in age1 gas1 compared to gas1 mutants fig2f
30796049,glucose,age1,30796049,97,166,we observed a significant reduction in total carbohydrates however there were no differences in glucose levels between age1 gas1 mutant and gas1 mutant animals fig2h
30796049,phosphoenolpyruvate,age1,30796049,102,164,moreover the expression of the two celegans orthologs of phosphoenolpyruvate carboxykinase pepck was equally altered in age1 gas1 compared to gas1 appendixfig s2d
30796049,age1,red,30796049,103,125,left panel venn diagram of the number of genes significantly dysregulated in age1 gas1 versus wt green and gas1 versus wt red
30796049,red,age1,30796049,106,100,in red expression levels of the same genes in age1 gas1 mutants compared to wtipa indicating the ove
30796049,red,age1,30796049,107,102,in red proteins significantly dysregulated in age1 gas1 compared to gas1 fdr20 log2 fold change047
30796049,glucose,age1,30796049,112,182,legend indicates the nature of each indicated connectionleft panel glucose quantification in wt gas1 and age1 gas1 nematode lysates with nmr n7 nsnonsignificant mannwhitney utest
30796049,age1,red,30796049,116,125,left panel venn diagram of the number of genes significantly dysregulated in age1 gas1 versus wt green and gas1 versus wt red
30796049,atp,age1,30796049,93,167,ipa of the proteomic data predicted energy production ie atp synthesis and lipid metabolism to be differentially regulated in age1 gas1 compared to gas1 mutants fig2f
30796049,red,age1,30796049,119,100,in red expression levels of the same genes in age1 gas1 mutants compared to wtipa indicating the ove
30796049,post,fzo1,30796049,72,225,right panel values of the maximum total recovery per strainsem pvalue0001 pvalue00001 oneway anova tukeys post hoc correctionrepresentative lifespan of age1 gas1 nematodes fed with empty vector ev and fzo1 rnai bacteria
30796049,sem,age1,30796049,67,144,bars meansem pvalue005 pvalue 0001 kruskalwallis test dunns post hoc correctionocr of gas1 and age1 gas1 mutant nematodes normalized to tof
30796049,sem,akt,30796049,194,232,bars meansem n2 nsnonsignificant mannwhitney utestschematic representations of xanthine and the methylxanthines used in this studyimmunoblot analysis of phosphoakt s473 pan akt phosphopras40 t246 and total pras40 in wt and ndu
30796049,post,age1,30796049,54,145,bars meansem pvalue005 pvalue 0001 kruskalwallis test dunns post hoc correctionhocr of gas1 and age1 gas1 mutant nematodes normalized to tof
30796049,sem,age1,30796049,54,145,bars meansem pvalue005 pvalue 0001 kruskalwallis test dunns post hoc correctionhocr of gas1 and age1 gas1 mutant nematodes normalized to tof
30796049,age1,post,30796049,56,215,right panel basal respiration in wt gas1 and age1 gas1 animals pooled from three biological replicates pvalue00001 nsnonsignificant kruskalwallis test dunns post hoc correctionisted images of representative mito
30796049,post,fzo1,30796049,59,226,right panel values of the maximum total recovery per strainsem pvalue0001 pvalue00001 oneway anova tukeys post hoc correctionkrepresentative lifespan of age1 gas1 nematodes fed with empty vector ev and fzo1 rnai bacteria
30796049,sem,age1,30796049,59,226,right panel values of the maximum total recovery per strainsem pvalue0001 pvalue00001 oneway anova tukeys post hoc correctionkrepresentative lifespan of age1 gas1 nematodes fed with empty vector ev and fzo1 rnai bacteria
30796049,post,age1,30796049,59,226,right panel values of the maximum total recovery per strainsem pvalue0001 pvalue00001 oneway anova tukeys post hoc correctionkrepresentative lifespan of age1 gas1 nematodes fed with empty vector ev and fzo1 rnai bacteria
30796049,age1,fzo1,30796049,59,226,right panel values of the maximum total recovery per strainsem pvalue0001 pvalue00001 oneway anova tukeys post hoc correctionkrepresentative lifespan of age1 gas1 nematodes fed with empty vector ev and fzo1 rnai bacteria
30796049,age1,post,30796049,69,215,right panel basal respiration in wt gas1 and age1 gas1 animals pooled from three biological replicates pvalue00001 nsnonsignificant kruskalwallis test dunns post hoc correctionsted images of representative mitoc
30796049,sem,fzo1,30796049,59,226,right panel values of the maximum total recovery per strainsem pvalue0001 pvalue00001 oneway anova tukeys post hoc correctionkrepresentative lifespan of age1 gas1 nematodes fed with empty vector ev and fzo1 rnai bacteria
30796049,age1,daf16,30796049,63,122,fespan of wt and gas1fc21 nematodes compared to b age1 and age1 gas1 mutants and c daf16 and daf16 age1 gas1 mutant animal
30796049,sem,age1,30796049,63,244,one representative curve is shown meansem n3 pvalue00001 kruskalwallis test dunns post hoc correctionrepresentative curves show the lifespan of wt and gas1fc21 nematodes compared to b age1 and age1 gas1 mutants and c daf16 and daf16 age1 
30796049,post,daf16,30796049,63,224,sem n3 pvalue00001 kruskalwallis test dunns post hoc correctionrepresentative curves show the lifespan of wt and gas1fc21 nematodes compared to b age1 and age1 gas1 mutants and c daf16 and daf16 age1 gas1 mutant animal
30796049,post,age1,30796049,63,206,sem n3 pvalue00001 kruskalwallis test dunns post hoc correctionrepresentative curves show the lifespan of wt and gas1fc21 nematodes compared to b age1 and age1 gas1 mutants and c daf16 and daf16 age1 
30796049,sem,post,30796049,63,142,one representative curve is shown meansem n3 pvalue00001 kruskalwallis test dunns post hoc correctionrepresentative curves show the life
30796049,red,age1,30796049,66,246,shades of red and green are proportional to fold change as calculated by ipalifespan analysis of mev1kn1 nematodes compared to wt age1hx546 and age1hx546 mev1kn1 animalsatp measurements in wt age1 gas1 and age1 gas1 mutant nematodes normalized to
30796049,sem,post,30796049,67,144,bars meansem pvalue005 pvalue 0001 kruskalwallis test dunns post hoc correctionocr of gas1 and age1 gas1 mutant nematodes normalized to tof
30796049,post,age1,30796049,67,144,bars meansem pvalue005 pvalue 0001 kruskalwallis test dunns post hoc correctionocr of gas1 and age1 gas1 mutant nematodes normalized to tof
30796049,sem,post,30796049,59,226,right panel values of the maximum total recovery per strainsem pvalue0001 pvalue00001 oneway anova tukeys post hoc correctionkrepresentative lifespan of age1 gas1 nematodes fed with empty vector ev and fzo1 rnai bacteria
30796049,red,age1,30796049,120,102,in red proteins significantly dysregulated in age1 gas1 compared to gas1 fdr20 log2 fold change047
30796049,glucose,age1,30796049,125,182,legend indicates the nature of each indicated connectionleft panel glucose quantification in wt gas1 and age1 gas1 nematode lysates with nmr n7 nsnonsignificant mannwhitney utest
30796049,ipa,age1,30796049,130,134,ion burkewitz etal 2014 hardie 2014 and with our ipa predictions we found that age1 gas1 double mutants had increased levels of phosp
30796049,xanthine,age1,30796049,170,225,on the metabolite level an nmr targeted profiling on nematode lysates showed only few changes with an almost sixfold increase in xanthine being the most prominent alteration in age1 gas1 compared to gas1 mutant animals fig4b
30796049,ipa,age1,30796049,171,164,based on the ipa of the transcriptomic data it seems that the observed xanthine buildup is a consequence of increased purine degradation in age1 gas1 animals fig4c
30796049,ipa,xanthine,30796049,171,164,based on the ipa of the transcriptomic data it seems that the observed xanthine buildup is a consequence of increased purine degradation in age1 gas1 animals fig4c
30796049,xanthine,age1,30796049,171,164,based on the ipa of the transcriptomic data it seems that the observed xanthine buildup is a consequence of increased purine degradation in age1 gas1 animals fig4c
30796049,xanthine,dehydrogenase,30796049,172,200,consistently qrtpcr showed that xanthine dehydrogenase xdh1 was significantly reduced in age1 gas1 compared to gas1 mutant animals while xanthine oxidase activity was not significantly affected fig4d
30796049,age1,oxidase,30796049,172,200,consistently qrtpcr showed that xanthine dehydrogenase xdh1 was significantly reduced in age1 gas1 compared to gas1 mutant animals while xanthine oxidase activity was not significantly affected fig4d
30796049,dehydrogenase,age1,30796049,172,200,consistently qrtpcr showed that xanthine dehydrogenase xdh1 was significantly reduced in age1 gas1 compared to gas1 mutant animals while xanthine oxidase activity was not significantly affected fig4d
30796049,xanthine,oxidase,30796049,172,200,consistently qrtpcr showed that xanthine dehydrogenase xdh1 was significantly reduced in age1 gas1 compared to gas1 mutant animals while xanthine oxidase activity was not significantly affected fig4d
30796049,age1,triacylglycerols,30796049,168,231,first we performed a lipid analysis and to our surprise found that the lipid profiling showed only minor differences between gas1 and age1 gas1 mutants with no significant reduction of the storage lipid triacylglycerols tags fig4a
30796049,red,age1,30796049,53,248,shades of red and green are proportional to fold change as calculated by ipaflifespan analysis of mev1kn1 nematodes compared to wt age1hx546 and age1hx546 mev1kn1 animalsgatp measurements in wt age1 gas1 and age1 gas1 mutant nematodes normalized to
30796049,post,age1,30796049,50,209,sem n3 pvalue00001 kruskalwallis test dunns post hoc correctionb crepresentative curves show the lifespan of wt and gas1fc21 nematodes compared to b age1 and age1 gas1 mutants and c daf16 and daf16 age1 
30796049,post,daf16,30796049,50,227,sem n3 pvalue00001 kruskalwallis test dunns post hoc correctionb crepresentative curves show the lifespan of wt and gas1fc21 nematodes compared to b age1 and age1 gas1 mutants and c daf16 and daf16 age1 gas1 mutant animal
30796049,sem,age1,30796049,50,247,one representative curve is shown meansem n3 pvalue00001 kruskalwallis test dunns post hoc correctionb crepresentative curves show the lifespan of wt and gas1fc21 nematodes compared to b age1 and age1 gas1 mutants and c daf16 and daf16 age1 
30796049,age1,daf16,30796049,50,122,fespan of wt and gas1fc21 nematodes compared to b age1 and age1 gas1 mutants and c daf16 and daf16 age1 gas1 mutant animal
30796049,daf16,age1,30796049,43,85,it is worth noting that daf16 age1 gas1 triple mutants did live a few days longer tha
30796049,daf16,age1,30796049,42,219,furthermore we found that the lifespan extension depended primarily on the transcription factor daf16foxo since daf16 age1 gas1 triple mutants lived significantly less than age1 gas1 animals fig1b and c and datasetev1
30796049,pdk1,daf16,30796049,38,214,in celegans the sole insulinigf1 receptor daf2 regulates the activity of pi3kage1 and through the downstream kinases pdk1 and akt12 controls the transcription factor daf16 lin etal 1997 ogg etal 1997 kenyon 2010
30796049,pi3kage1,daf16,30796049,38,214,in celegans the sole insulinigf1 receptor daf2 regulates the activity of pi3kage1 and through the downstream kinases pdk1 and akt12 controls the transcription factor daf16 lin etal 1997 ogg etal 1997 kenyon 2010
30796049,sem,post,30796049,50,142,one representative curve is shown meansem n3 pvalue00001 kruskalwallis test dunns post hoc correctionb crepresentative curves show the l
30796049,sem,fzo1,30796049,161,169,bars meansem n4 pvalue005 mannwhitney utestleft panel curves represent frap in age1 gas1 animals grown on rnai from larval l1 or from egg for fzo1 rnai to l4 stage
30796049,age1,fzo1,30796049,161,169,bars meansem n4 pvalue005 mannwhitney utestleft panel curves represent frap in age1 gas1 animals grown on rnai from larval l1 or from egg for fzo1 rnai to l4 stage
30796049,sem,egg,30796049,161,169,bars meansem n4 pvalue005 mannwhitney utestleft panel curves represent frap in age1 gas1 animals grown on rnai from larval l1 or from egg for fzo1 rnai to l4 stage
30796049,ipa,age1,30796049,133,146,in line with the ipa prediction we found that age1 gas1 double mutants displayed an increased kin1 activity compared to gas1 mutant animals fig3f
30796049,atp,age1,30796049,135,101,moreover downregulation of aak2 and kin1 affected atp levels in age1 gas1 double mutants fig3h and i
30796049,map,age1,30796049,138,172,a bschematic representation with overlaid molecule activity predictor map analysis of a aak2ampk and b kin1pkaregulated metabolic processes in age1 gas1 versus gas1 mutants
30796049,age1,actin,30796049,139,174,color intensity corresponds to effect intensity or prediction strengthcimmunoblot analysis of phosphoaak2 in wt age1 gas1 and age1 gas1 mutant nematodes actin loading control
30796049,age1,sem,30796049,146,203,substrategrepresentative lifespan assay of wt and age1 gas1 nematodes fed with empty vector ev and kin1 rnai bacteria with average median lifespanssem from all replicates indicated beneath representati
30796049,egg,fzo1,30796049,147,170,bars meansem n4 pvalue005 mannwhitney utestjleft panel curves represent frap in age1 gas1 animals grown on rnai from larval l1 or from egg for fzo1 rnai to l4 stage
30796049,sem,age1,30796049,147,170,bars meansem n4 pvalue005 mannwhitney utestjleft panel curves represent frap in age1 gas1 animals grown on rnai from larval l1 or from egg for fzo1 rnai to l4 stage
30796049,age1,egg,30796049,147,170,bars meansem n4 pvalue005 mannwhitney utestjleft panel curves represent frap in age1 gas1 animals grown on rnai from larval l1 or from egg for fzo1 rnai to l4 stage
30796049,sem,egg,30796049,147,170,bars meansem n4 pvalue005 mannwhitney utestjleft panel curves represent frap in age1 gas1 animals grown on rnai from larval l1 or from egg for fzo1 rnai to l4 stage
30796049,age1,fzo1,30796049,147,170,bars meansem n4 pvalue005 mannwhitney utestjleft panel curves represent frap in age1 gas1 animals grown on rnai from larval l1 or from egg for fzo1 rnai to l4 stage
30796049,sem,fzo1,30796049,147,170,bars meansem n4 pvalue005 mannwhitney utestjleft panel curves represent frap in age1 gas1 animals grown on rnai from larval l1 or from egg for fzo1 rnai to l4 stage
30796049,map,age1,30796049,152,169,schematic representation with overlaid molecule activity predictor map analysis of a aak2ampk and b kin1pkaregulated metabolic processes in age1 gas1 versus gas1 mutants
30796049,age1,actin,30796049,153,173,color intensity corresponds to effect intensity or prediction strengthimmunoblot analysis of phosphoaak2 in wt age1 gas1 and age1 gas1 mutant nematodes actin loading control
30796049,sem,post,30796049,54,145,bars meansem pvalue005 pvalue 0001 kruskalwallis test dunns post hoc correctionhocr of gas1 and age1 gas1 mutant nematodes normalized to tof
30796049,age1,sem,30796049,154,202,e biological replicatesrepresentative lifespan of age1 gas1 double mutant and age1 aak2 gas1 triple mutant nematodes with average median lifespanssem from all replicates indicated beneath representati
30796049,age1,sem,30796049,160,203,osubstraterepresentative lifespan assay of wt and age1 gas1 nematodes fed with empty vector ev and kin1 rnai bacteria with average median lifespanssem from all replicates indicated beneath representati
30796049,egg,fzo1,30796049,161,169,bars meansem n4 pvalue005 mannwhitney utestleft panel curves represent frap in age1 gas1 animals grown on rnai from larval l1 or from egg for fzo1 rnai to l4 stage
30796049,sem,age1,30796049,161,169,bars meansem n4 pvalue005 mannwhitney utestleft panel curves represent frap in age1 gas1 animals grown on rnai from larval l1 or from egg for fzo1 rnai to l4 stage
30796049,age1,egg,30796049,161,169,bars meansem n4 pvalue005 mannwhitney utestleft panel curves represent frap in age1 gas1 animals grown on rnai from larval l1 or from egg for fzo1 rnai to l4 stage
30796049,pi3kage1,pdk1,30796049,38,214,in celegans the sole insulinigf1 receptor daf2 regulates the activity of pi3kage1 and through the downstream kinases pdk1 and akt12 controls the transcription factor daf16 lin etal 1997 ogg etal 1997 kenyon 2010
30796049,pan,akt,30796049,194,107, this studyimmunoblot analysis of phosphoakt s473 pan akt phosphopras40 t246 and total pras40 in wt and ndu
30796049,dehydrogenase,oxidase,30796049,172,200,consistently qrtpcr showed that xanthine dehydrogenase xdh1 was significantly reduced in age1 gas1 compared to gas1 mutant animals while xanthine oxidase activity was not significantly affected fig4d
30796049,amp,actin,30796049,194,148,and ndufa9 ko hap1 cells treated with 02 dmso  or amp 2m enpf 2m and ptx 36m  for 24h actin loading controlimmunoblot analysis of phosphopka 
30796049,sodium,glucose,30796049,337,232,the next morning cells were treated with dmso vehicle or methylxanthines for 24h after treatment growth medium was replaced with seahorse xf base medium supplemented with 1mm sodium pyruvate 10mm glucose and 2mm lglutamine ph 74
30796049,pyruvate,glucose,30796049,337,232,the next morning cells were treated with dmso vehicle or methylxanthines for 24h after treatment growth medium was replaced with seahorse xf base medium supplemented with 1mm sodium pyruvate 10mm glucose and 2mm lglutamine ph 74
30796049,dmso,sodium,30796049,337,232,the next morning cells were treated with dmso vehicle or methylxanthines for 24h after treatment growth medium was replaced with seahorse xf base medium supplemented with 1mm sodium pyruvate 10mm glucose and 2mm lglutamine ph 74
30796049,dmso,glucose,30796049,337,232,the next morning cells were treated with dmso vehicle or methylxanthines for 24h after treatment growth medium was replaced with seahorse xf base medium supplemented with 1mm sodium pyruvate 10mm glucose and 2mm lglutamine ph 74
30796049,sodium,pyruvate,30796049,337,232,the next morning cells were treated with dmso vehicle or methylxanthines for 24h after treatment growth medium was replaced with seahorse xf base medium supplemented with 1mm sodium pyruvate 10mm glucose and 2mm lglutamine ph 74
30796049,dmso,pyruvate,30796049,337,232,the next morning cells were treated with dmso vehicle or methylxanthines for 24h after treatment growth medium was replaced with seahorse xf base medium supplemented with 1mm sodium pyruvate 10mm glucose and 2mm lglutamine ph 74
30796049,glucose,lglutamine,30796049,337,232,the next morning cells were treated with dmso vehicle or methylxanthines for 24h after treatment growth medium was replaced with seahorse xf base medium supplemented with 1mm sodium pyruvate 10mm glucose and 2mm lglutamine ph 74
30796049,sodium,azide,30796049,334,49,the final concentration of sodium azide was 20mm
30796049,rna,rin,30796049,325,177,rna was extracted as described above and rna with a rin9 rna integrity number for each replicate was sent to cegat gmbh tbingen germany for mrna nextgeneration sequencing ngs
30796049,313,dmso,30796049,308,235,the volcano plot was generated with an r 313 r core team 2015gravid nematodes were treated with hypochlorite solution and eggs were placed on ngm plates seeded with op50 in the presence of vehicle dmso or one of the indicated compounds
30796049,atp,age1,30796049,287,127,for each sample atp concentration was normalized to animal number for wt age1 gas1 and age1 gas1 nematodes or protein content f
30796049,step,kda,30796049,286,216,the deproteinization step was conducted with 10kda cutoff spin columns abcam in a chilled microcentrifuge for 1h at 9600g absorbance was measured with a multiskan fc plate reader thermo fisher scientific at 570nm
30796049,kda,spin,30796049,286,216,the deproteinization step was conducted with 10kda cutoff spin columns abcam in a chilled microcentrifuge for 1h at 9600g absorbance was measured with a multiskan fc plate reader thermo fisher scientific at 570nm
30796049,actin,sigma,30796049,280,112,mouse monoclonal antibodies against mammalian and nematode actin were obtained from sigma and abcam respectively
30796049,xanthine,adenine,30796049,271,184,previously xanthine along with adenine has been found to be slightly yet significantly reduced in iisdeficient nematodes within a larger context of metabolic flexibility gao etal 2018
30796049,pyruvate,lglutamine,30796049,337,232,the next morning cells were treated with dmso vehicle or methylxanthines for 24h after treatment growth medium was replaced with seahorse xf base medium supplemented with 1mm sodium pyruvate 10mm glucose and 2mm lglutamine ph 74
30796049,ipa,module,30796049,267,204,based on a statistical analysis performed by ipa it seems that these two pleiotropic kinases form a signaling module upstream of the route associated with metabolic flexibility and shift toward catabolism
30796049,dmso,lglutamine,30796049,337,232,the next morning cells were treated with dmso vehicle or methylxanthines for 24h after treatment growth medium was replaced with seahorse xf base medium supplemented with 1mm sodium pyruvate 10mm glucose and 2mm lglutamine ph 74
30796049,agarose,gel,30796049,353,115,the expected product when the qpcr was run on a 2 agarose gel and ii the linearity of ct values given by the primer
30796049,xanthine,age1,30796049,172,200,consistently qrtpcr showed that xanthine dehydrogenase xdh1 was significantly reduced in age1 gas1 compared to gas1 mutant animals while xanthine oxidase activity was not significantly affected fig4d
30796049,xanthine,oxidase,30796049,377,96,xanthine oxidase activity was measured in the supernatants as per the manufacturers instructions
30796049,xanthine,oxidase,30796049,376,143,the pellets were disrupted in xanthine oxidase assay buffer with a sonicator and spun down in a chilled microcentrifuge at 14000rpm for 10min
30796049,oxidase,xanthine,30796049,374,159,immunoblots were visualized with a chemidoc imaging system bioradxanthine oxidase activity was measured with a xanthine oxidase activity assay kit sigma mak078
30796049,oxidase,sigma,30796049,374,159,immunoblots were visualized with a chemidoc imaging system bioradxanthine oxidase activity was measured with a xanthine oxidase activity assay kit sigma mak078
30796049,xanthine,sigma,30796049,374,159,immunoblots were visualized with a chemidoc imaging system bioradxanthine oxidase activity was measured with a xanthine oxidase activity assay kit sigma mak078
30796049,sds,gel,30796049,371,96,lysates were mixed with laemmli buffer and 20g was loaded on a 612 sds gel for electrophoresis
30796049,sigma,protease,30796049,369,201,the volcano plot of the tmtitraq scan data was generated in r 313nematode and cell pellets were disrupted via sonication in ripa buffer sigma supplemented with protease and phosphatase inhibitors roche
30796049,sigma,phosphatase,30796049,369,201,the volcano plot of the tmtitraq scan data was generated in r 313nematode and cell pellets were disrupted via sonication in ripa buffer sigma supplemented with protease and phosphatase inhibitors roche
30796049,protease,phosphatase,30796049,369,201,the volcano plot of the tmtitraq scan data was generated in r 313nematode and cell pellets were disrupted via sonication in ripa buffer sigma supplemented with protease and phosphatase inhibitors roche
30796049,map,path,30796049,359,171,ere overlaid with the molecule activity predictor map function and schematic representations were generated with the path designer functionnematodes were synchronized and 
30796049,set,ipa,30796049,358,197,fdr and log2fold change cutoffs were selected based on the analysis analyzed except for ngs in which the fdr was set at 1 to reduce the large number of analysisready molecules as recommended by ipa
30796049,ipa,list,30796049,356,168,for ingenuity pathway analysis ipa a list of closest human homologs was generated for celegans genes based on amino acid sequence homology as determined by blastp ncbi
30796049,gel,step,30796049,353,188,cted product when the qpcr was run on a 2 agarose gel and ii the linearity of ct values given by the primer combination identified in step i with a serial dilution of cdna ranging from 10 
30796049,agarose,step,30796049,353,199,the expected product when the qpcr was run on a 2 agarose gel and ii the linearity of ct values given by the primer combination identified in step i with a serial dilution of cdna ranging from 10 to 
30796049,sodium,lglutamine,30796049,337,232,the next morning cells were treated with dmso vehicle or methylxanthines for 24h after treatment growth medium was replaced with seahorse xf base medium supplemented with 1mm sodium pyruvate 10mm glucose and 2mm lglutamine ph 74
30796049,ipa,age1,30796049,261,238,not only did ipa reveal that five of the seven most hyperactive pathways converge on iis but also that 97 of significantly affected phosphorylated proteins in gas1 mutants were found to revert back to wt levels in age1 gas1 double mutants
30796049,step,spin,30796049,286,216,the deproteinization step was conducted with 10kda cutoff spin columns abcam in a chilled microcentrifuge for 1h at 9600g absorbance was measured with a multiskan fc plate reader thermo fisher scientific at 570nm
30796049,rapamycin,insulin,30796049,248,199,for example it is known that rapamycin possesses immunosuppressive properties may accelerate the growth of certain solid tumors and induces insulin resistance hypertriglyceridemia and hyperglycemia m
30796049,enprofylline,ptx,30796049,201,149,n aqueous solutions we employed aminophylline amp enprofylline enpf and pentoxifylline ptx fig4e which are three widely used methylxanthines general
30796049,aminophylline,enprofylline,30796049,201,131,lity of xanthine in aqueous solutions we employed aminophylline amp enprofylline enpf and pentoxifylline ptx fig4e which are three
30796049,xanthine,enprofylline,30796049,201,150,given the low solubility of xanthine in aqueous solutions we employed aminophylline amp enprofylline enpf and pentoxifylline ptx fig4e which are thre
30796049,fzo1,age1,30796049,255,108,we are indeed surprised that fzo1 rnai does not alter age1 gas1 survival since prior evidence shows that a f
30796049,xanthine,ptx,30796049,201,183,given the low solubility of xanthine in aqueous solutions we employed aminophylline amp enprofylline enpf and pentoxifylline ptx fig4e which are three widely used methylxanthines gen
30796049,ptx,phosphodiesterase,30796049,201,216,phylline amp enprofylline enpf and pentoxifylline ptx fig4e which are three widely used methylxanthines generally known as competitive nonselective phosphodiesterase inhibitors pdes and adenosine receptor antagonist
30796049,phosphodiesterase,adenosine,30796049,201,155,hines generally known as competitive nonselective phosphodiesterase inhibitors pdes and adenosine receptor antagonists snyder etal 1981 monteiro etal 201
30796049,xanthine,aminophylline,30796049,201,133,given the low solubility of xanthine in aqueous solutions we employed aminophylline amp enprofylline enpf and pentoxifylline ptx fig
30796049,xanthine,amp,30796049,201,142,given the low solubility of xanthine in aqueous solutions we employed aminophylline amp enprofylline enpf and pentoxifylline ptx fig4e which 
30796049,ptx,adenosine,30796049,201,246,phylline amp enprofylline enpf and pentoxifylline ptx fig4e which are three widely used methylxanthines generally known as competitive nonselective phosphodiesterase inhibitors pdes and adenosine receptor antagonists snyder etal 1981 monteiro e
30796049,aminophylline,ptx,30796049,201,168,lity of xanthine in aqueous solutions we employed aminophylline amp enprofylline enpf and pentoxifylline ptx fig4e which are three widely used methylxanthines generall
30796049,mtor,akt,30796049,200,230,these tumorigenic cells showed impaired mitochondrial respiration appendixfig s4b and enhanced iis as revealed by the increased phosphorylation of mtor and akt targets ie paktser473 and ppras40thr246 respectively appendixfig s4c
30796049,akt,actin,30796049,194,244,s studyimmunoblot analysis of phosphoakt s473 pan akt phosphopras40 t246 and total pras40 in wt and ndufa9 ko hap1 cells treated with 02 dmso  or amp 2m enpf 2m and ptx 36m  for 24h actin loading controlimmunoblot analysis of phosphopka 
30796049,akt,ptx,30796049,194,222,s studyimmunoblot analysis of phosphoakt s473 pan akt phosphopras40 t246 and total pras40 in wt and ndufa9 ko hap1 cells treated with 02 dmso  or amp 2m enpf 2m and ptx 36m  for 24h actin loading controlimmunoblot a
30796049,pan,actin,30796049,194,248, this studyimmunoblot analysis of phosphoakt s473 pan akt phosphopras40 t246 and total pras40 in wt and ndufa9 ko hap1 cells treated with 02 dmso  or amp 2m enpf 2m and ptx 36m  for 24h actin loading controlimmunoblot analysis of phosphopka 
30796049,pras40,amp,30796049,194,169,sphoakt s473 pan akt phosphopras40 t246 and total pras40 in wt and ndufa9 ko hap1 cells treated with 02 dmso  or amp 2m enpf 2m and ptx 36m  for 24h actin loading
30796049,amp,enprofylline,30796049,201,116,ne in aqueous solutions we employed aminophylline amp enprofylline enpf and pentoxifylline ptx fig4e which are thre
30796049,aminophylline,amp,30796049,201,127,lity of xanthine in aqueous solutions we employed aminophylline amp enprofylline enpf and pentoxifylline ptx fig4e which are t
30796049,amp,ptx,30796049,201,144,ne in aqueous solutions we employed aminophylline amp enprofylline enpf and pentoxifylline ptx fig4e which are three widely used methylxanthine
30796049,inhibitor,akt,30796049,203,187,this effect on iis was not a common feature of pde inhibitors since the pde3 inhibitor cilostazol enhanced pka activity without altering the phosphorylation status of akt appendixfig s4d
30796049,atp,signature,30796049,239,182,oxphosdeficient nematodes display decreased lifespan diminished atp production fragmented mitochondrial network and a phosphoproteome signature associated with enhanced iis signaling
30796049,sem,age1,30796049,238,208,span curves the legend shows meanmedian lifespansem across all biological replicatesschematic drawing showing the critical biological processes underlying the lifespan extension of age1 gas1 mutant nematode
30796049,akt,mtor,30796049,202,137,all three methylxanthines partially attenuated the phosphorylation status of akt and mtor targets fig4f and enhanced pka activity fig4g
30796049,dmso,actin,30796049,234,129, adult gas1 mutant nematodes treated with vehicle dmso or methylxanthines actin loading controlleft panel frap in vehicle or ptxt
30796049,sem,post,30796049,231,138,bars meansem pvalue001 pvalue0001 oneway anova dunnetts post hoc correctioneffect of methylxanthines on the survival of gas1 mutants
30796049,sem,dmso,30796049,229,185,average median lifespanssem from all replicates indicated beneath representative curvelocomotor activity of 10dayold gas1 mutant nematodes treated with vehicle dmso or methylxanthines
30796049,atp,signature,30796049,225,182,oxphosdeficient nematodes display decreased lifespan diminished atp production fragmented mitochondrial network and a phosphoproteome signature associated with enhanced iis signaling
30796049,post,dmso,30796049,234,233,pvalue00001 oneway anova dunnetts post hoc correctionimmunoblot analysis of e kin1 phosphosubstrates and f phosphoaak2 in young adult gas1 mutant nematodes treated with vehicle dmso or methylxanthines actin loading controlleft pane
30796049,post,dmso,30796049,220,236,pvalue00001 oneway anova dunnetts post hoc correctione fimmunoblot analysis of e kin1 phosphosubstrates and f phosphoaak2 in young adult gas1 mutant nematodes treated with vehicle dmso or methylxanthines actin loading controlgleft pan
30796049,sem,age1,30796049,224,209,span curves the legend shows meanmedian lifespansem across all biological replicateshschematic drawing showing the critical biological processes underlying the lifespan extension of age1 gas1 mutant nematode
30796049,adenosine,akt,30796049,205,248,however since adenosine receptor antagonists msx3 and sch58261 had no effect on either pka or akt phosphorylation appendixfig s4e it is likely that methylxanthines acted on pka and akt phosphorylation independently of adenosine receptor antagonism
30796049,ptx,xanthine,30796049,206,230,notably treatment with ptx appendixfig s4f and other methylxanthines data not shown did not improve mitochondrial respirationhaving established the pleiotropic effects of xanthine derivatives on aktmtor and pka activity we sought
30796049,ptx,age1,30796049,211,168,notably ptx treatment promoted mitochondrial connectivity in gas1 mutant nematodes fig5g phenocopying in part what we observed in age1 gas1 double mutants fig1i and j
30796049,dmso,amp,30796049,194,113,40 in wt and ndufa9 ko hap1 cells treated with 02 dmso  or amp 2m enpf 2m and ptx 36m  for 24h actin loadi
30796049,sem,post,30796049,217,139,bars meansem pvalue001 pvalue0001 oneway anova dunnetts post hoc correctionceffect of methylxanthines on the survival of gas1 mutants
30796049,dmso,actin,30796049,220,129, adult gas1 mutant nematodes treated with vehicle dmso or methylxanthines actin loading controlgleft panel frap in vehicle or ptx
30796049,sem,dmso,30796049,215,186,average median lifespanssem from all replicates indicated beneath representative curveblocomotor activity of 10dayold gas1 mutant nematodes treated with vehicle dmso or methylxanthines
32291085,signalling,key,32291085,7,229,moreover little is known about the functional roles of pheromones hormones signalling pathways and posttranscriptionalposttranslational regulations in the development of key parasitic nematodes throughout their entire life cycles
33693628,ura,histidine,33693628,86,221,the yeast plasmids were cotransformed into a ura his leu mets cerevisiae strain and selected for in sc media without uracil and histidine and facs was used again for enrichment of clones with the highest red to blue ratio
33693628,red,set,33693628,0,195,we create and share a new red fluorophore along with a set of strains reagents and protocols to make it faster and easier to label endogenous caenorhabditis elegans proteins with fluorescent tags
33693628,polymerase,neb,33693628,77,121,23 t224 g225 g226 m227 d228 and e229 with phusion polymerase neb in gc buffer followed by pooling of the pcr products dpn
33693628,nnk,e115,33693628,77,235,arried out using rollingcircle amplification with nnk primers at positions i8 k10 f15 g32 q43 a45 k46 l47 g52 g53 d60 s63 p64 q65 f66 s70 r71 t74 k75 d79 y84 w94 r96 t107 v108 q110 e115 l125 r126 t128 k139 k140 w144 e145 s147 t148 e149
33693628,ura,red,33693628,86,221,the yeast plasmids were cotransformed into a ura his leu mets cerevisiae strain and selected for in sc media without uracil and histidine and facs was used again for enrichment of clones with the highest red to blue ratio
33693628,uracil,red,33693628,86,221,the yeast plasmids were cotransformed into a ura his leu mets cerevisiae strain and selected for in sc media without uracil and histidine and facs was used again for enrichment of clones with the highest red to blue ratio
33693628,leu,uracil,33693628,86,221,the yeast plasmids were cotransformed into a ura his leu mets cerevisiae strain and selected for in sc media without uracil and histidine and facs was used again for enrichment of clones with the highest red to blue ratio
33693628,ura,leu,33693628,86,221,the yeast plasmids were cotransformed into a ura his leu mets cerevisiae strain and selected for in sc media without uracil and histidine and facs was used again for enrichment of clones with the highest red to blue ratio
33693628,leu,red,33693628,86,221,the yeast plasmids were cotransformed into a ura his leu mets cerevisiae strain and selected for in sc media without uracil and histidine and facs was used again for enrichment of clones with the highest red to blue ratio
33693628,leu,histidine,33693628,86,221,the yeast plasmids were cotransformed into a ura his leu mets cerevisiae strain and selected for in sc media without uracil and histidine and facs was used again for enrichment of clones with the highest red to blue ratio
33693628,red,dim,33693628,4,201,no available c elegans lines express unbound large fragments of split red fluorescent proteins and even stateoftheart split red fluorescent proteins are dim compared to the canonical splitsfgfp protein
33693628,uracil,histidine,33693628,86,221,the yeast plasmids were cotransformed into a ura his leu mets cerevisiae strain and selected for in sc media without uracil and histidine and facs was used again for enrichment of clones with the highest red to blue ratio
33693628,ura,uracil,33693628,86,221,the yeast plasmids were cotransformed into a ura his leu mets cerevisiae strain and selected for in sc media without uracil and histidine and facs was used again for enrichment of clones with the highest red to blue ratio
33693628,key,arms,33693628,182,178,the small size of splitwrmscarlet11 1824 aa is key 200nt can encompass splitwrmscarlet11 6684nt including a 4 aa linker flanked by two homology arms 34nt up to 6758nt for hdr
33693628,bin,red,33693628,152,182,t mscarlet in yeast supplementary figure s2 a and bin order to compare splitwrmscarlet to splitsfcherry3 the brightest published red splitfp at the time of the experiment we combined
33693628,sulfate,sigma,33693628,133,122,2011 in order to prevent progeny from hatching and with kanamycin sulfate to prevent bacterial contamination sigma 25gml
33693628,5fluorouracil,sigma,33693628,132,148,f1 animals expressing mneongreen in muscle were selected for comparisonngm plates were supplemented with 5fluorouracil 5fu sigma 15m goudeau et al
33693628,5fu,sigma,33693628,132,148,f1 animals expressing mneongreen in muscle were selected for comparisonngm plates were supplemented with 5fluorouracil 5fu sigma 15m goudeau et al
33693628,histidine,red,33693628,86,221,the yeast plasmids were cotransformed into a ura his leu mets cerevisiae strain and selected for in sc media without uracil and histidine and facs was used again for enrichment of clones with the highest red to blue ratio
33693628,sigma,pad,33693628,128,92,approximately 10l of 2mm levamisole sigma was pipetted onto the center of the agarose pad
33693628,sigma,agarose,33693628,128,92,approximately 10l of 2mm levamisole sigma was pipetted onto the center of the agarose pad
33693628,agarose,pad,33693628,128,92,approximately 10l of 2mm levamisole sigma was pipetted onto the center of the agarose pad
33693628,ball,lut,33693628,123,181,image manipulations consisted of maximum intensity projections along the axial dimension rolling ball radius background subtraction smoothing and lut minimum and maximum adjustments
33693628,5fluorouracil,5fu,33693628,132,148,f1 animals expressing mneongreen in muscle were selected for comparisonngm plates were supplemented with 5fluorouracil 5fu sigma 15m goudeau et al
35228596,isoleucine,glutamate,35228596,40,155, and genes were found included valine leucine and isoleucine degradation alanine aspartate and glutamate metabolism glycolysis  gluconeogenesis and citrate
35228596,leucine,glutamate,35228596,40,166, metabolites and genes were found included valine leucine and isoleucine degradation alanine aspartate and glutamate metabolism glycolysis  gluconeogenesis and citrat
35228596,valine,citrate,35228596,40,224,re both metabolites and genes were found included valine leucine and isoleucine degradation alanine aspartate and glutamate metabolism glycolysis  gluconeogenesis and citrate cycle tca cycle which recapitulates the pathway i
35228596,citrate,tca,35228596,40,121,tamate metabolism glycolysis  gluconeogenesis and citrate cycle tca cycle which recapitulates the pathway identification 
35228596,module,succinylcoa,35228596,43,157,several of these modules consisted of metabolites related to bcaa metabolism including lvaline module 6 succinylcoa module 3 and thiamin diphosphate module 1
35228596,lvaline,diphosphate,35228596,43,157,several of these modules consisted of metabolites related to bcaa metabolism including lvaline module 6 succinylcoa module 3 and thiamin diphosphate module 1
35228596,thiamin,diphosphate,35228596,43,157,several of these modules consisted of metabolites related to bcaa metabolism including lvaline module 6 succinylcoa module 3 and thiamin diphosphate module 1
35228596,lvaline,module,35228596,43,157,several of these modules consisted of metabolites related to bcaa metabolism including lvaline module 6 succinylcoa module 3 and thiamin diphosphate module 1
35228596,lvaline,succinylcoa,35228596,43,157,several of these modules consisted of metabolites related to bcaa metabolism including lvaline module 6 succinylcoa module 3 and thiamin diphosphate module 1
35228596,succinylcoa,thiamin,35228596,43,157,several of these modules consisted of metabolites related to bcaa metabolism including lvaline module 6 succinylcoa module 3 and thiamin diphosphate module 1
35228596,module,diphosphate,35228596,43,157,several of these modules consisted of metabolites related to bcaa metabolism including lvaline module 6 succinylcoa module 3 and thiamin diphosphate module 1
35228596,alanine,tca,35228596,40,196,ncluded valine leucine and isoleucine degradation alanine aspartate and glutamate metabolism glycolysis  gluconeogenesis and citrate cycle tca cycle which recapitulates the pathway identification 
35228596,lvaline,thiamin,35228596,43,157,several of these modules consisted of metabolites related to bcaa metabolism including lvaline module 6 succinylcoa module 3 and thiamin diphosphate module 1
35228596,succinylcoa,diphosphate,35228596,43,157,several of these modules consisted of metabolites related to bcaa metabolism including lvaline module 6 succinylcoa module 3 and thiamin diphosphate module 1
35228596,module,thiamin,35228596,43,157,several of these modules consisted of metabolites related to bcaa metabolism including lvaline module 6 succinylcoa module 3 and thiamin diphosphate module 1
35228596,valine,alanine,35228596,40,149,re both metabolites and genes were found included valine leucine and isoleucine degradation alanine aspartate and glutamate metabolism glycolysis  gl
35228596,isoleucine,tca,35228596,40,222, and genes were found included valine leucine and isoleucine degradation alanine aspartate and glutamate metabolism glycolysis  gluconeogenesis and citrate cycle tca cycle which recapitulates the pathway identification obt
35228596,glutamate,tca,35228596,40,176, and isoleucine degradation alanine aspartate and glutamate metabolism glycolysis  gluconeogenesis and citrate cycle tca cycle which recapitulates the pathway identification ob
35228596,dopamine,acetylcholine,35228596,13,210,c elegans possess orthologs for 6080 of human genes and the worm nervous system utilizes many of the same neurotransmitters as in mammals including dopamine acetylcholine amino butyric acid gaba and glutamate4
35228596,acetylcholine,gaba,35228596,13,210,c elegans possess orthologs for 6080 of human genes and the worm nervous system utilizes many of the same neurotransmitters as in mammals including dopamine acetylcholine amino butyric acid gaba and glutamate4
35228596,ids,115,35228596,38,192,while some gene and metabolite kegg ids did not have associated pathways 79 metabolites were mapped to a total of 75 unique pathways and 1187 genes mapped to a total of 115 unique pathways fig
35228596,alanine,glutamate,35228596,40,131,ncluded valine leucine and isoleucine degradation alanine aspartate and glutamate metabolism glycolysis  gluconeogenesis and citrat
35228596,isoleucine,alanine,35228596,40,133, and genes were found included valine leucine and isoleucine degradation alanine aspartate and glutamate metabolism glycolysis  gluco
35228596,glutamate,citrate,35228596,40,162, and isoleucine degradation alanine aspartate and glutamate metabolism glycolysis  gluconeogenesis and citrate cycle tca cycle which recapitulates the pathway ide
35228596,leucine,alanine,35228596,40,142, metabolites and genes were found included valine leucine and isoleucine degradation alanine aspartate and glutamate metabolism glycolysis  gl
35228596,leucine,isoleucine,35228596,40,122, metabolites and genes were found included valine leucine and isoleucine degradation alanine aspartate and glutamate metab
35228596,isoleucine,citrate,35228596,40,208, and genes were found included valine leucine and isoleucine degradation alanine aspartate and glutamate metabolism glycolysis  gluconeogenesis and citrate cycle tca cycle which recapitulates the pathway iden
35228596,leucine,citrate,35228596,40,217, metabolites and genes were found included valine leucine and isoleucine degradation alanine aspartate and glutamate metabolism glycolysis  gluconeogenesis and citrate cycle tca cycle which recapitulates the pathway i
35228596,valine,tca,35228596,40,237,re both metabolites and genes were found included valine leucine and isoleucine degradation alanine aspartate and glutamate metabolism glycolysis  gluconeogenesis and citrate cycle tca cycle which recapitulates the pathway identification
35228596,valine,isoleucine,35228596,40,129,re both metabolites and genes were found included valine leucine and isoleucine degradation alanine aspartate and glutamate metab
35228596,valine,leucine,35228596,44,135,spls analysis of module 6 revealed a negative correlation between lvaline and the valine leucine and isoleucine degradation pathway fig
35228596,valine,leucine,35228596,40,114,re both metabolites and genes were found included valine leucine and isoleucine degradation alanine aspartate and 
35228596,valine,glutamate,35228596,40,173,re both metabolites and genes were found included valine leucine and isoleucine degradation alanine aspartate and glutamate metabolism glycolysis  gluconeogenesis and citrat
35228596,leucine,tca,35228596,40,231, metabolites and genes were found included valine leucine and isoleucine degradation alanine aspartate and glutamate metabolism glycolysis  gluconeogenesis and citrate cycle tca cycle which recapitulates the pathway identification 
35228596,alanine,citrate,35228596,40,182,ncluded valine leucine and isoleucine degradation alanine aspartate and glutamate metabolism glycolysis  gluconeogenesis and citrate cycle tca cycle which recapitulates the pathway i
35228596,module,leucine,35228596,44,135,spls analysis of module 6 revealed a negative correlation between lvaline and the valine leucine and isoleucine degradation pathway fig
35228596,lvaline,leucine,35228596,44,135,spls analysis of module 6 revealed a negative correlation between lvaline and the valine leucine and isoleucine degradation pathway fig
35228596,lvaline,valine,35228596,44,135,spls analysis of module 6 revealed a negative correlation between lvaline and the valine leucine and isoleucine degradation pathway fig
35228596,dnc,vnc,35228596,99,131,in a representative images of dnc left vnc middle and head neurites right are shown with arrows indicating abnormal neurite regions
35228596,vnc,dnc,35228596,104,129,neuron projections in the head ventral nerve cord vnc and dorsal nerve cord dnc of rnaisensitive worms unc119psid1unc17pgfp were 
35228596,dnc,vnc,35228596,105,131,in a representative images of dnc left vnc middle and head neurites right are shown with arrows indicating abnormal neurite regions
35228596,sodium,azide,35228596,111,113, mitochondrial activity with lowdose treatment of sodium azide mitigates pdlike motor dysfunction and dopaminergi
35228596,carboxylase,dehydrogenase,35228596,131,249,genomewide association studies have pointed to other bcaa pathway genes methylcrotonoylcoa carboxylase 1 mccc1 and branchedchain ketoacid dehydrogenase kinase bckdk as being associated with pd22 further implicating bcaa metabolism in pd pathogenesis
35228596,methylcrotonoylcoa,carboxylase,35228596,131,249,genomewide association studies have pointed to other bcaa pathway genes methylcrotonoylcoa carboxylase 1 mccc1 and branchedchain ketoacid dehydrogenase kinase bckdk as being associated with pd22 further implicating bcaa metabolism in pd pathogenesis
35228596,mccc1,dehydrogenase,35228596,131,249,genomewide association studies have pointed to other bcaa pathway genes methylcrotonoylcoa carboxylase 1 mccc1 and branchedchain ketoacid dehydrogenase kinase bckdk as being associated with pd22 further implicating bcaa metabolism in pd pathogenesis
35228596,methylcrotonoylcoa,mccc1,35228596,131,249,genomewide association studies have pointed to other bcaa pathway genes methylcrotonoylcoa carboxylase 1 mccc1 and branchedchain ketoacid dehydrogenase kinase bckdk as being associated with pd22 further implicating bcaa metabolism in pd pathogenesis
35228596,methylcrotonoylcoa,dehydrogenase,35228596,131,249,genomewide association studies have pointed to other bcaa pathway genes methylcrotonoylcoa carboxylase 1 mccc1 and branchedchain ketoacid dehydrogenase kinase bckdk as being associated with pd22 further implicating bcaa metabolism in pd pathogenesis
35228596,carboxylase,mccc1,35228596,131,249,genomewide association studies have pointed to other bcaa pathway genes methylcrotonoylcoa carboxylase 1 mccc1 and branchedchain ketoacid dehydrogenase kinase bckdk as being associated with pd22 further implicating bcaa metabolism in pd pathogenesis
35228596,list,110,35228596,143,112,cts and isomers were manually curated for a final list of 110 significantly increaseddecreased metabolites selec
35228596,sodium,azide,35228596,172,101,on day 8 animals were mounted on 2 agarose pads in m9 and sodium azide for cholinergic neuron imaging
35228596,agarose,azide,35228596,172,101,on day 8 animals were mounted on 2 agarose pads in m9 and sodium azide for cholinergic neuron imaging
35228596,agarose,sodium,35228596,172,101,on day 8 animals were mounted on 2 agarose pads in m9 and sodium azide for cholinergic neuron imaging
35228596,dp1,ctm,35228596,189,116,c es030163 gwm and r01 es023839 gwm pioneer award dp1 gm119167 ctm and the glenn foundation for medical research cnv
35228596,vnc,dnc,35228596,98,129,neuron projections in the head ventral nerve cord vnc and dorsal nerve cord dnc of rnaisensitive worms unc119psid1unc17pgfp were 
35228596,acetylcholine,acetyltransferase,35228596,90,241,further examination of cholinergic synapse components revealed that the associated genes are largely upregulated in bcat1rnai worms including the vesicular acetylcholine transporter vachtunc17 and the choline acetyltransferase chatcha1 fig4
35228596,transporter,choline,35228596,90,241,further examination of cholinergic synapse components revealed that the associated genes are largely upregulated in bcat1rnai worms including the vesicular acetylcholine transporter vachtunc17 and the choline acetyltransferase chatcha1 fig4
35228596,choline,acetyltransferase,35228596,90,241,further examination of cholinergic synapse components revealed that the associated genes are largely upregulated in bcat1rnai worms including the vesicular acetylcholine transporter vachtunc17 and the choline acetyltransferase chatcha1 fig4
35228596,module,isoleucine,35228596,44,135,spls analysis of module 6 revealed a negative correlation between lvaline and the valine leucine and isoleucine degradation pathway fig
35228596,module,lvaline,35228596,44,135,spls analysis of module 6 revealed a negative correlation between lvaline and the valine leucine and isoleucine degradation pathway fig
35228596,leucine,isoleucine,35228596,44,135,spls analysis of module 6 revealed a negative correlation between lvaline and the valine leucine and isoleucine degradation pathway fig
35228596,lvaline,isoleucine,35228596,44,135,spls analysis of module 6 revealed a negative correlation between lvaline and the valine leucine and isoleucine degradation pathway fig
35228596,module,valine,35228596,44,135,spls analysis of module 6 revealed a negative correlation between lvaline and the valine leucine and isoleucine degradation pathway fig
35228596,lvaline,tyrosine,35228596,47,127,in addition lvaline was positively correlated with the phenylalanine tyrosine and tryptophan biosynthesis pathway and negativel
35228596,lvaline,phenylalanine,35228596,47,118,in addition lvaline was positively correlated with the phenylalanine tyrosine and tryptophan biosynthesis pathway and 
35228596,valine,isoleucine,35228596,44,135,spls analysis of module 6 revealed a negative correlation between lvaline and the valine leucine and isoleucine degradation pathway fig
35228596,phenylalanine,tyrosine,35228596,47,127,dition lvaline was positively correlated with the phenylalanine tyrosine and tryptophan biosynthesis pathway and negatively cor
35228596,phenylalanine,tryptophan,35228596,47,140,dition lvaline was positively correlated with the phenylalanine tyrosine and tryptophan biosynthesis pathway and negatively correlated with 
35228596,lvaline,tryptophan,35228596,47,142,in addition lvaline was positively correlated with the phenylalanine tyrosine and tryptophan biosynthesis pathway and negatively correlated wi
35228596,tca,malate,35228596,62,177,genes significantly downregulated in bcat1rnai worms are blue and genes significantly upregulated in bcat1rnai worms are redmodule 9 included the tca cycle metabolite malate fig
35228596,module,malate,35228596,64,96,in module 9 malate was highly positively correlated with dna replication and notch signaling fig
35228596,acetylcholine,choline,35228596,90,241,further examination of cholinergic synapse components revealed that the associated genes are largely upregulated in bcat1rnai worms including the vesicular acetylcholine transporter vachtunc17 and the choline acetyltransferase chatcha1 fig4
35228596,transporter,acetyltransferase,35228596,90,241,further examination of cholinergic synapse components revealed that the associated genes are largely upregulated in bcat1rnai worms including the vesicular acetylcholine transporter vachtunc17 and the choline acetyltransferase chatcha1 fig4
35228596,acetylcholine,transporter,35228596,90,241,further examination of cholinergic synapse components revealed that the associated genes are largely upregulated in bcat1rnai worms including the vesicular acetylcholine transporter vachtunc17 and the choline acetyltransferase chatcha1 fig4
35228596,tyrosine,tryptophan,35228596,47,123, was positively correlated with the phenylalanine tyrosine and tryptophan biosynthesis pathway and negatively correlated wi
35228596,dopamine,gaba,35228596,13,210,c elegans possess orthologs for 6080 of human genes and the worm nervous system utilizes many of the same neurotransmitters as in mammals including dopamine acetylcholine amino butyric acid gaba and glutamate4
36257965,glucose,nadph,36257965,172,203,in addition to regenerating glucose gluconeogenesis provides substrates for the pentose phosphate pathway ppp which generates reducing equivalent nadph 5carbon sugars eg ribose5phosphate used to synthesi
36257965,row,actin,36257965,199,178,is and the production of antioxidantsa heatmap of row zscores for qrtpcr measurements from l4stage animals of transcript levels for the indicated genes rows as normalized to acti
36257965,phosphate,ribose5phosphate,36257965,172,198,uconeogenesis provides substrates for the pentose phosphate pathway ppp which generates reducing equivalent nadph 5carbon sugars eg ribose5phosphate used to synthesize nucleic acids and erythrose4ph
36257965,ppp,nadph,36257965,172,145,ides substrates for the pentose phosphate pathway ppp which generates reducing equivalent nadph 5carbon sugars eg ribose5phosphate used to synthe
36257965,glucose,ppp,36257965,172,163,in addition to regenerating glucose gluconeogenesis provides substrates for the pentose phosphate pathway ppp which generates reducing equivalent nadph 5carbon sug
36257965,nadph,ribose5phosphate,36257965,172,140,e pathway ppp which generates reducing equivalent nadph 5carbon sugars eg ribose5phosphate used to synthesize nucleic acids and erythrose4ph
36257965,key,ppp,36257965,174,100,3e although none of the key enzymes within the ppp were direct targets of hif1 suggesting that incre
36257965,synthase,quinone,36257965,183,140,3i including cysl2 cyanoalanine synthase and sqrd1 sulfide quinone oxidoreductase which converts these toxins to polysulfides and sulfates47
36257965,cyanoalanine,sulfide,36257965,183,140,3i including cysl2 cyanoalanine synthase and sqrd1 sulfide quinone oxidoreductase which converts these toxins to polysulfides and sulfates47
36257965,synthase,sulfide,36257965,183,140,3i including cysl2 cyanoalanine synthase and sqrd1 sulfide quinone oxidoreductase which converts these toxins to polysulfides and sulfates47
36257965,cyanoalanine,synthase,36257965,183,140,3i including cysl2 cyanoalanine synthase and sqrd1 sulfide quinone oxidoreductase which converts these toxins to polysulfides and sulfates47
36257965,sulfide,quinone,36257965,183,140,3i including cysl2 cyanoalanine synthase and sqrd1 sulfide quinone oxidoreductase which converts these toxins to polysulfides and sulfates47
36257965,sulfide,oxidoreductase,36257965,183,140,3i including cysl2 cyanoalanine synthase and sqrd1 sulfide quinone oxidoreductase which converts these toxins to polysulfides and sulfates47
36257965,cyanoalanine,quinone,36257965,183,140,3i including cysl2 cyanoalanine synthase and sqrd1 sulfide quinone oxidoreductase which converts these toxins to polysulfides and sulfates47
36257965,synthase,oxidoreductase,36257965,183,140,3i including cysl2 cyanoalanine synthase and sqrd1 sulfide quinone oxidoreductase which converts these toxins to polysulfides and sulfates47
36257965,cyanoalanine,oxidoreductase,36257965,183,140,3i including cysl2 cyanoalanine synthase and sqrd1 sulfide quinone oxidoreductase which converts these toxins to polysulfides and sulfates47
36257965,quinone,oxidoreductase,36257965,183,140,3i including cysl2 cyanoalanine synthase and sqrd1 sulfide quinone oxidoreductase which converts these toxins to polysulfides and sulfates47
36257965,row,actin,36257965,189,186,4hif1 targets required for adaptive survivala heatmap of row zscores for qrtpcr measurements from l4stage animals of transcript levels for the indicated genes rows as normalized to actin
36257965,dehydrogenase,pyruvate,36257965,169,175,however egl9 mutants had elevated levels of mdh1 malate dehydrogenase and ldh1 lactate dehydrogenase as well as their associated metabolites malate pyruvate and lactate fig3d
36257965,cysteine,nac,36257965,218,225,the antioxidants glycolate and nacetyl cysteine nac can reduce oxidative stress when fed to c elegans5051 and we found that supplementation with these antioxidants rescued hif1 and pck1 mutants for survival during hypoxia fig
36257965,glycolate,cysteine,36257965,218,225,the antioxidants glycolate and nacetyl cysteine nac can reduce oxidative stress when fed to c elegans5051 and we found that supplementation with these antioxidants rescued hif1 and pck1 mutants for survival during hypoxia fig
36257965,glycolate,nac,36257965,218,225,the antioxidants glycolate and nacetyl cysteine nac can reduce oxidative stress when fed to c elegans5051 and we found that supplementation with these antioxidants rescued hif1 and pck1 mutants for survival during hypoxia fig
36257965,superoxide,paraquat,36257965,222,171,in addition we found that pck1 mutants are sensitive to oxidative stress as they showed poor survival to exposure to the superoxide generator paraquat supplementary fig7f
36257965,cysteine,pep,36257965,230,247,indeed pck2 an ortholog of c elegans pck1 belonged to such a cluster that also included genes involved in cysteine and glutathione metabolism suggesting that this pep carboxykinase is a key hif1a regulatory target depending on tissue or contextfig
36257965,cysteine,key,36257965,230,247,indeed pck2 an ortholog of c elegans pck1 belonged to such a cluster that also included genes involved in cysteine and glutathione metabolism suggesting that this pep carboxykinase is a key hif1a regulatory target depending on tissue or contextfig
36257965,pep,key,36257965,230,247,indeed pck2 an ortholog of c elegans pck1 belonged to such a cluster that also included genes involved in cysteine and glutathione metabolism suggesting that this pep carboxykinase is a key hif1a regulatory target depending on tissue or contextfig
36257965,cysteine,glutathione,36257965,230,247,indeed pck2 an ortholog of c elegans pck1 belonged to such a cluster that also included genes involved in cysteine and glutathione metabolism suggesting that this pep carboxykinase is a key hif1a regulatory target depending on tissue or contextfig
36257965,glutathione,key,36257965,230,247,indeed pck2 an ortholog of c elegans pck1 belonged to such a cluster that also included genes involved in cysteine and glutathione metabolism suggesting that this pep carboxykinase is a key hif1a regulatory target depending on tissue or contextfig
36257965,glutathione,pep,36257965,230,247,indeed pck2 an ortholog of c elegans pck1 belonged to such a cluster that also included genes involved in cysteine and glutathione metabolism suggesting that this pep carboxykinase is a key hif1a regulatory target depending on tissue or contextfig
36257965,mdh1,pyruvate,36257965,169,175,however egl9 mutants had elevated levels of mdh1 malate dehydrogenase and ldh1 lactate dehydrogenase as well as their associated metabolites malate pyruvate and lactate fig3d
36257965,glucose,phosphate,36257965,172,147,in addition to regenerating glucose gluconeogenesis provides substrates for the pentose phosphate pathway ppp which generates reducing equivalent n
36257965,phosphate,ppp,36257965,172,127,uconeogenesis provides substrates for the pentose phosphate pathway ppp which generates reducing equivalent nadph 5carbon sugar
36257965,glucose,ribose5phosphate,36257965,172,236,in addition to regenerating glucose gluconeogenesis provides substrates for the pentose phosphate pathway ppp which generates reducing equivalent nadph 5carbon sugars eg ribose5phosphate used to synthesize nucleic acids and erythrose4ph
36257965,malate,dehydrogenase,36257965,169,175,however egl9 mutants had elevated levels of mdh1 malate dehydrogenase and ldh1 lactate dehydrogenase as well as their associated metabolites malate pyruvate and lactate fig3d
36257965,dehydrogenase,tca,36257965,170,174,elevated malate and malate dehydrogenase are indicative of activity in the glyoxylate cycle a variation of the tca cycle used in some organisms to convert citrate to oxaloace
36257965,glyoxylate,tca,36257965,170,146,e dehydrogenase are indicative of activity in the glyoxylate cycle a variation of the tca cycle used in some organisms to convert citrate to oxalo
36257965,dehydrogenase,citrate,36257965,170,218,elevated malate and malate dehydrogenase are indicative of activity in the glyoxylate cycle a variation of the tca cycle used in some organisms to convert citrate to oxaloacetate to feed the gluconeogenesis pathwaywe a
36257965,citrate,oxaloacetate,36257965,170,123,f the tca cycle used in some organisms to convert citrate to oxaloacetate to feed the gluconeogenesis pathwaywe also observ
36257965,malate,oxaloacetate,36257965,170,228,elevated malate and malate dehydrogenase are indicative of activity in the glyoxylate cycle a variation of the tca cycle used in some organisms to convert citrate to oxaloacetate to feed the gluconeogenesis pathwaywe also observ
36257965,dehydrogenase,oxaloacetate,36257965,170,229,elevated malate and malate dehydrogenase are indicative of activity in the glyoxylate cycle a variation of the tca cycle used in some organisms to convert citrate to oxaloacetate to feed the gluconeogenesis pathwaywe also observe
36257965,dehydrogenase,glyoxylate,36257965,170,138,elevated malate and malate dehydrogenase are indicative of activity in the glyoxylate cycle a variation of the tca cycle used in some orga
36257965,malate,citrate,36257965,170,212,elevated malate and malate dehydrogenase are indicative of activity in the glyoxylate cycle a variation of the tca cycle used in some organisms to convert citrate to oxaloacetate to feed the gluconeogenesis pathw
36257965,glyoxylate,citrate,36257965,170,190,e dehydrogenase are indicative of activity in the glyoxylate cycle a variation of the tca cycle used in some organisms to convert citrate to oxaloacetate to feed the gluconeogenesis pathwayw
36257965,glyoxylate,oxaloacetate,36257965,170,203,e dehydrogenase are indicative of activity in the glyoxylate cycle a variation of the tca cycle used in some organisms to convert citrate to oxaloacetate to feed the gluconeogenesis pathwaywe also observ
36257965,tca,oxaloacetate,36257965,170,167,tivity in the glyoxylate cycle a variation of the tca cycle used in some organisms to convert citrate to oxaloacetate to feed the gluconeogenesis pathwaywe also observ
36257965,tca,citrate,36257965,170,151,tivity in the glyoxylate cycle a variation of the tca cycle used in some organisms to convert citrate to oxaloacetate to feed the gluconeogenesis pathw
36257965,sulfur,glutathione,36257965,237,112,these latter clusters were enriched for sulfur and glutathione metabolism metabolite transport and chromatin mod
36257965,malate,glyoxylate,36257965,170,135,elevated malate and malate dehydrogenase are indicative of activity in the glyoxylate cycle a variation of the tca cycle used in some o
36257965,malate,tca,36257965,170,167,elevated malate and malate dehydrogenase are indicative of activity in the glyoxylate cycle a variation of the tca cycle used in some organisms to convert citrate to o
36257965,step,oxaloacetate,36257965,171,237,as previously discussed hif1 directly and dramatically promotes the expression of pck1 pep carboxykinase which catalyzes a key ratelimiting step specific to gluconeogenesis in which oxaloacetate oa is converted to phosphoenolpyruvate pep
36257965,pep,step,36257965,171,237,as previously discussed hif1 directly and dramatically promotes the expression of pck1 pep carboxykinase which catalyzes a key ratelimiting step specific to gluconeogenesis in which oxaloacetate oa is converted to phosphoenolpyruvate pep
36257965,pep,oxaloacetate,36257965,171,237,as previously discussed hif1 directly and dramatically promotes the expression of pck1 pep carboxykinase which catalyzes a key ratelimiting step specific to gluconeogenesis in which oxaloacetate oa is converted to phosphoenolpyruvate pep
36257965,key,oxaloacetate,36257965,171,237,as previously discussed hif1 directly and dramatically promotes the expression of pck1 pep carboxykinase which catalyzes a key ratelimiting step specific to gluconeogenesis in which oxaloacetate oa is converted to phosphoenolpyruvate pep
36257965,key,step,36257965,171,237,as previously discussed hif1 directly and dramatically promotes the expression of pck1 pep carboxykinase which catalyzes a key ratelimiting step specific to gluconeogenesis in which oxaloacetate oa is converted to phosphoenolpyruvate pep
36257965,pep,key,36257965,171,237,as previously discussed hif1 directly and dramatically promotes the expression of pck1 pep carboxykinase which catalyzes a key ratelimiting step specific to gluconeogenesis in which oxaloacetate oa is converted to phosphoenolpyruvate pep
36257965,oxaloacetate,phosphoenolpyruvate,36257965,171,237,as previously discussed hif1 directly and dramatically promotes the expression of pck1 pep carboxykinase which catalyzes a key ratelimiting step specific to gluconeogenesis in which oxaloacetate oa is converted to phosphoenolpyruvate pep
36257965,step,phosphoenolpyruvate,36257965,171,237,as previously discussed hif1 directly and dramatically promotes the expression of pck1 pep carboxykinase which catalyzes a key ratelimiting step specific to gluconeogenesis in which oxaloacetate oa is converted to phosphoenolpyruvate pep
36257965,pep,phosphoenolpyruvate,36257965,171,237,as previously discussed hif1 directly and dramatically promotes the expression of pck1 pep carboxykinase which catalyzes a key ratelimiting step specific to gluconeogenesis in which oxaloacetate oa is converted to phosphoenolpyruvate pep
36257965,key,phosphoenolpyruvate,36257965,171,237,as previously discussed hif1 directly and dramatically promotes the expression of pck1 pep carboxykinase which catalyzes a key ratelimiting step specific to gluconeogenesis in which oxaloacetate oa is converted to phosphoenolpyruvate pep
36257965,ppp,ribose5phosphate,36257965,172,180,ides substrates for the pentose phosphate pathway ppp which generates reducing equivalent nadph 5carbon sugars eg ribose5phosphate used to synthesize nucleic acids and erythrose4ph
36257965,phosphate,nadph,36257965,172,167,uconeogenesis provides substrates for the pentose phosphate pathway ppp which generates reducing equivalent nadph 5carbon sugars eg ribose5phosphate used to synthesize
36257965,malate,dehydrogenase,36257965,170,90,elevated malate and malate dehydrogenase are indicative of activity in the glyoxylate cycl
36257965,sulfur,glutathione,36257965,243,112,these latter clusters were enriched for sulfur and glutathione metabolism metabolite transport and chromatin mod
36257965,glyoxylate,glutathione,36257965,248,148,we show here that it directly promotes lipid metabolism the glyoxylate cycle gluconeogenesis the ppp h2shcn detoxification and glutathione synthesis
36257965,ppp,glutathione,36257965,248,148,we show here that it directly promotes lipid metabolism the glyoxylate cycle gluconeogenesis the ppp h2shcn detoxification and glutathione synthesis
36257965,sigma,pyruvate,36257965,425,175,the supplements included 10mm glycolate sigma cds000626 sodium pyruvate sigma p2256 nacetyllcysteine sigma a7250 or phosphoenol pyruvic pep acid trisodium salt vwr ic15187283
36257965,mdh1,dehydrogenase,36257965,169,175,however egl9 mutants had elevated levels of mdh1 malate dehydrogenase and ldh1 lactate dehydrogenase as well as their associated metabolites malate pyruvate and lactate fig3d
36257965,pyruvate,salt,36257965,425,175,the supplements included 10mm glycolate sigma cds000626 sodium pyruvate sigma p2256 nacetyllcysteine sigma a7250 or phosphoenol pyruvic pep acid trisodium salt vwr ic15187283
36257965,nacetyllcysteine,pep,36257965,425,175,the supplements included 10mm glycolate sigma cds000626 sodium pyruvate sigma p2256 nacetyllcysteine sigma a7250 or phosphoenol pyruvic pep acid trisodium salt vwr ic15187283
36257965,sodium,nacetyllcysteine,36257965,425,175,the supplements included 10mm glycolate sigma cds000626 sodium pyruvate sigma p2256 nacetyllcysteine sigma a7250 or phosphoenol pyruvic pep acid trisodium salt vwr ic15187283
36257965,pyruvate,nacetyllcysteine,36257965,425,175,the supplements included 10mm glycolate sigma cds000626 sodium pyruvate sigma p2256 nacetyllcysteine sigma a7250 or phosphoenol pyruvic pep acid trisodium salt vwr ic15187283
36257965,glycolate,salt,36257965,425,175,the supplements included 10mm glycolate sigma cds000626 sodium pyruvate sigma p2256 nacetyllcysteine sigma a7250 or phosphoenol pyruvic pep acid trisodium salt vwr ic15187283
36257965,glycolate,nacetyllcysteine,36257965,425,175,the supplements included 10mm glycolate sigma cds000626 sodium pyruvate sigma p2256 nacetyllcysteine sigma a7250 or phosphoenol pyruvic pep acid trisodium salt vwr ic15187283
36257965,sigma,nacetyllcysteine,36257965,425,175,the supplements included 10mm glycolate sigma cds000626 sodium pyruvate sigma p2256 nacetyllcysteine sigma a7250 or phosphoenol pyruvic pep acid trisodium salt vwr ic15187283
36257965,malate,lactate,36257965,169,175,however egl9 mutants had elevated levels of mdh1 malate dehydrogenase and ldh1 lactate dehydrogenase as well as their associated metabolites malate pyruvate and lactate fig3d
36257965,mdh1,lactate,36257965,169,175,however egl9 mutants had elevated levels of mdh1 malate dehydrogenase and ldh1 lactate dehydrogenase as well as their associated metabolites malate pyruvate and lactate fig3d
36257965,malate,pyruvate,36257965,169,175,however egl9 mutants had elevated levels of mdh1 malate dehydrogenase and ldh1 lactate dehydrogenase as well as their associated metabolites malate pyruvate and lactate fig3d
36257965,lactate,pyruvate,36257965,169,175,however egl9 mutants had elevated levels of mdh1 malate dehydrogenase and ldh1 lactate dehydrogenase as well as their associated metabolites malate pyruvate and lactate fig3d
36257965,dehydrogenase,lactate,36257965,169,175,however egl9 mutants had elevated levels of mdh1 malate dehydrogenase and ldh1 lactate dehydrogenase as well as their associated metabolites malate pyruvate and lactate fig3d
36257965,pqm1,zinc,36257965,144,197,by contrast sites bound by pqm1 a zinc finger transcriptional antagonist of daf16foxo were underrepresented near hif1 sites consistent with the increased hypoxia survival observed in pqm1 mutants45
36257965,prolyl,hydroxylase,36257965,50,238,these nematodes employ single orthologs of the conserved hypoxia response pathway the prolyl hydroxylase ortholog egl9 and the hif ortholog hif1 with viable null mutants in hif1 and egl9 showing altered sensitivity to hypoxic stress32632
36257965,prolyl,hydroxylase,36257965,46,118,decidualization and presumably patients receiving prolyl hydroxylase inhibitors to treat anemia hif activates this swi
36257965,pyruvate,tca,36257965,43,187,hif upregulates enzymes that mediate glucose uptake and glycolysis as well as pyruvate dehydrogenase kinase a negative regulator of metabolite entry into the tricarboxylic acid tca cycle6
36257965,pyruvate,dehydrogenase,36257965,43,187,hif upregulates enzymes that mediate glucose uptake and glycolysis as well as pyruvate dehydrogenase kinase a negative regulator of metabolite entry into the tricarboxylic acid tca cycle6
36257965,glucose,dehydrogenase,36257965,43,187,hif upregulates enzymes that mediate glucose uptake and glycolysis as well as pyruvate dehydrogenase kinase a negative regulator of metabolite entry into the tricarboxylic acid tca cycle6
36257965,glucose,pyruvate,36257965,43,187,hif upregulates enzymes that mediate glucose uptake and glycolysis as well as pyruvate dehydrogenase kinase a negative regulator of metabolite entry into the tricarboxylic acid tca cycle6
36257965,glucose,tca,36257965,43,187,hif upregulates enzymes that mediate glucose uptake and glycolysis as well as pyruvate dehydrogenase kinase a negative regulator of metabolite entry into the tricarboxylic acid tca cycle6
36257965,dehydrogenase,tca,36257965,43,187,hif upregulates enzymes that mediate glucose uptake and glycolysis as well as pyruvate dehydrogenase kinase a negative regulator of metabolite entry into the tricarboxylic acid tca cycle6
36257965,prolyl,hydroxylase,36257965,13,116,when hypoxia ensues the prolyl hydroxylase is inhibited due to lack of oxygen resulting in the disinhibition of hif
36257965,prolyl,hydroxylase,36257965,12,206,under aerobic normoxic conditions a prolyl hydroxylase senses oxygen and uses it to covalently modify and negatively regulate hypoxiainducible factor hif the transcriptional effector3 of the pathway fig1a
36257965,sigma,salt,36257965,425,175,the supplements included 10mm glycolate sigma cds000626 sodium pyruvate sigma p2256 nacetyllcysteine sigma a7250 or phosphoenol pyruvic pep acid trisodium salt vwr ic15187283
36257965,glycolate,pyruvate,36257965,425,175,the supplements included 10mm glycolate sigma cds000626 sodium pyruvate sigma p2256 nacetyllcysteine sigma a7250 or phosphoenol pyruvic pep acid trisodium salt vwr ic15187283
36257965,glycolate,sigma,36257965,425,175,the supplements included 10mm glycolate sigma cds000626 sodium pyruvate sigma p2256 nacetyllcysteine sigma a7250 or phosphoenol pyruvic pep acid trisodium salt vwr ic15187283
36257965,glycolate,sodium,36257965,425,175,the supplements included 10mm glycolate sigma cds000626 sodium pyruvate sigma p2256 nacetyllcysteine sigma a7250 or phosphoenol pyruvic pep acid trisodium salt vwr ic15187283
36257965,glyoxylate,ppp,36257965,248,148,we show here that it directly promotes lipid metabolism the glyoxylate cycle gluconeogenesis the ppp h2shcn detoxification and glutathione synthesis
36257965,pep,key,36257965,273,171,we observed that hif1 directly promotes the expression of the pck1 pep carboxykinase a key mediator of gluconeogenesis as well as metabolic flux through the pathway fig4f
36257965,glutathione,nadph,36257965,274,150,gluconeogenesis provides the metabolites needed to make glutathione and produce nadph reducing equivalents required to combat ros and oxidative stress
36257965,chloramphenicol,streptomycin,36257965,286,196,the polyclonal stab culture was streaked out under triple selection chloramphenicol streptomycin nourseothricin and individual clones were selected for transgene construct validation by sequencing
36257965,agarose,tetramisole,36257965,297,136,fluorescence was analyzed as abovefluorescent proteins were visualized in nematodes by mounting on 2 agarose pads with 10mm tetramisole
36257965,rna,cat,36257965,309,53,15596026 and the directzol rna miniprep plus zymo cat
36257965,rna,cfx,36257965,318,236,four biological replicates were analyzed by qrtpcr for each genotype and condition with 40ng of rna per reaction performed with the itaq universal sybr green onestep kit biorad cat1725150 and the cfx opus 384 realtime pcr system biorad
36257965,cfx,opus,36257965,318,236,four biological replicates were analyzed by qrtpcr for each genotype and condition with 40ng of rna per reaction performed with the itaq universal sybr green onestep kit biorad cat1725150 and the cfx opus 384 realtime pcr system biorad
36257965,rna,opus,36257965,318,236,four biological replicates were analyzed by qrtpcr for each genotype and condition with 40ng of rna per reaction performed with the itaq universal sybr green onestep kit biorad cat1725150 and the cfx opus 384 realtime pcr system biorad
36257965,glycolate,pep,36257965,425,175,the supplements included 10mm glycolate sigma cds000626 sodium pyruvate sigma p2256 nacetyllcysteine sigma a7250 or phosphoenol pyruvic pep acid trisodium salt vwr ic15187283
36257965,pmsf,dtt,36257965,331,123, protease inhibitor cocktail tablet 125l 100mm pmsf and 25l 1m dtt per 25ml fa buffer was added and samples were the
36257965,inhibitor,dtt,36257965,331,168,inhibitors roche cat11697498001 complete protease inhibitor cocktail tablet 125l 100mm pmsf and 25l 1m dtt per 25ml fa buffer was added and samples were then tra
36257965,protease,inhibitor,36257965,331,168, thawed on ice and 750ml of fa buffer containing protease inhibitors roche cat11697498001 complete protease inhibitor cocktail tablet 125l 100mm pmsf and 25l 1m 
36257965,inhibitor,pmsf,36257965,331,149,inhibitors roche cat11697498001 complete protease inhibitor cocktail tablet 125l 100mm pmsf and 25l 1m dtt per 25ml fa buffer was added and sa
36257965,pep,salt,36257965,425,175,the supplements included 10mm glycolate sigma cds000626 sodium pyruvate sigma p2256 nacetyllcysteine sigma a7250 or phosphoenol pyruvic pep acid trisodium salt vwr ic15187283
36257965,sodium,salt,36257965,425,175,the supplements included 10mm glycolate sigma cds000626 sodium pyruvate sigma p2256 nacetyllcysteine sigma a7250 or phosphoenol pyruvic pep acid trisodium salt vwr ic15187283
36257965,protease,dtt,36257965,331,226, thawed on ice and 750ml of fa buffer containing protease inhibitors roche cat11697498001 complete protease inhibitor cocktail tablet 125l 100mm pmsf and 25l 1m dtt per 25ml fa buffer was added and samples were then tr
36257965,sigma,pep,36257965,425,175,the supplements included 10mm glycolate sigma cds000626 sodium pyruvate sigma p2256 nacetyllcysteine sigma a7250 or phosphoenol pyruvic pep acid trisodium salt vwr ic15187283
36257965,pyruvate,pep,36257965,425,175,the supplements included 10mm glycolate sigma cds000626 sodium pyruvate sigma p2256 nacetyllcysteine sigma a7250 or phosphoenol pyruvic pep acid trisodium salt vwr ic15187283
36257965,sodium,pyruvate,36257965,425,175,the supplements included 10mm glycolate sigma cds000626 sodium pyruvate sigma p2256 nacetyllcysteine sigma a7250 or phosphoenol pyruvic pep acid trisodium salt vwr ic15187283
36257965,nacetyllcysteine,salt,36257965,425,175,the supplements included 10mm glycolate sigma cds000626 sodium pyruvate sigma p2256 nacetyllcysteine sigma a7250 or phosphoenol pyruvic pep acid trisodium salt vwr ic15187283
36257965,sigma,sodium,36257965,425,175,the supplements included 10mm glycolate sigma cds000626 sodium pyruvate sigma p2256 nacetyllcysteine sigma a7250 or phosphoenol pyruvic pep acid trisodium salt vwr ic15187283
36257965,proteinase,sds,36257965,348,177,chromatin input samples were incubated at 60c with mild shaking overnight following the addition of proteinase k and sds to final concentrations of 01mgml and 001 respectively
36257965,formaldehyde,tris,36257965,334,113,samples were crosslinked with 2 formaldehyde for 30min at room temperature and then quenched with 1m tris ph 75
36257965,protease,pmsf,36257965,331,207, thawed on ice and 750ml of fa buffer containing protease inhibitors roche cat11697498001 complete protease inhibitor cocktail tablet 125l 100mm pmsf and 25l 1m dtt per 25ml fa buffer was added and s
36257965,sodium,pep,36257965,425,175,the supplements included 10mm glycolate sigma cds000626 sodium pyruvate sigma p2256 nacetyllcysteine sigma a7250 or phosphoenol pyruvic pep acid trisodium salt vwr ic15187283
36257965,mdh1,malate,36257965,169,175,however egl9 mutants had elevated levels of mdh1 malate dehydrogenase and ldh1 lactate dehydrogenase as well as their associated metabolites malate pyruvate and lactate fig3d
37432911,cytochrome,mrps5,37432911,71,180,knocking down electron transfer component etc gene cco1 encoding cytochrome c  oxidase1 subunit vbcox4 and mrps5 encoding mitochondrial ribosome protein s5  mrps5 induces uprmt2426
37432911,nbutanol,acn,37432911,61,96,used a combination of nbutanol acn and water baw  to extract both lipids and polar metabolites22
37432911,acetonitrile,acn,37432911,58,169,author manuscript author manuscript author manuscript author manuscriptmeoh acetonitrile acn and water exhibited improved extraction efficiencies for plant  metabolome20
37432911,ether,meoh,37432911,50,244,adopted the use of methyl tertbutyl ether mtbe  instead of potentially carcinogenic chloroform13 in combination with meoh and water and  the resulting approach has become the mainstream method to extract proteins lipids and  polar metabolites14
37432911,mtbe,meoh,37432911,50,244,adopted the use of methyl tertbutyl ether mtbe  instead of potentially carcinogenic chloroform13 in combination with meoh and water and  the resulting approach has become the mainstream method to extract proteins lipids and  polar metabolites14
37432911,ether,mtbe,37432911,50,244,adopted the use of methyl tertbutyl ether mtbe  instead of potentially carcinogenic chloroform13 in combination with meoh and water and  the resulting approach has become the mainstream method to extract proteins lipids and  polar metabolites14
37432911,mrps5,hsp60,37432911,448,57,c the expression levels of cox4 mrps5 hsp6  hsp60 and dox
37432911,chloroform,methanol,37432911,48,133,the classic biphasic method  is the folch or bligh and dyer method that uses a combination of chloroform methanol  meoh and water1112
37432911,hsp6,hsp60,37432911,448,57,c the expression levels of cox4 mrps5 hsp6  hsp60 and dox
37432911,cox4,hsp60,37432911,448,57,c the expression levels of cox4 mrps5 hsp6  hsp60 and dox
37432911,mrps5,hsp6,37432911,448,57,c the expression levels of cox4 mrps5 hsp6  hsp60 and dox
37432911,cox4,mrps5,37432911,448,57,c the expression levels of cox4 mrps5 hsp6  hsp60 and dox
37432911,rush,deep,37432911,280,197,er ka salome  az hebert as vincent ce kwiecien nw rush mjp westphall ms craven m akarsu  na taylor rw coon jj pagliarini dj defining mitochondrial protein functions through deep  multiomic profilin
37432911,rush,guo,37432911,275,158,ja kwiecien nw freiberger ec richards al jochem a rush mjp ulbrich a  robinson kp hutchins pd veling mt guo x kemmerer za connors kj trujillo ea sokol  j marx
37432911,hof,bou,37432911,266,244,gao aw el alam g lalou a li ty molenaars m zhu y overmyer ka shishkova e hof k  bou sleiman m houtkooper rh coon jj auwerx j multiomics analysis identifies essential  regulators of mitochondrial stress response in two wildtype c elegans strains
37432911,acetylcarnitine,lmethionine,37432911,230,207,the top 50 metabolites that contributed to the  separation of four conditions included five identified ones acetylcarnitine larginine  lmethionine lphenylalanine and trans3indoleacrylic acid supplemental fig
37432911,acetylcarnitine,larginine,37432911,230,207,the top 50 metabolites that contributed to the  separation of four conditions included five identified ones acetylcarnitine larginine  lmethionine lphenylalanine and trans3indoleacrylic acid supplemental fig
37432911,lmethionine,lphenylalanine,37432911,230,207,the top 50 metabolites that contributed to the  separation of four conditions included five identified ones acetylcarnitine larginine  lmethionine lphenylalanine and trans3indoleacrylic acid supplemental fig
37432911,13c,sigma,37432911,81,193,author manuscript author manuscript author manuscript author manuscriptsample extraction to each tube of worms we added 10 l of splash avanti and 10 l of 13c amino acid  isotope mixture sigma
37432911,larginine,lphenylalanine,37432911,230,207,the top 50 metabolites that contributed to the  separation of four conditions included five identified ones acetylcarnitine larginine  lmethionine lphenylalanine and trans3indoleacrylic acid supplemental fig
37432911,acetylcarnitine,lphenylalanine,37432911,230,207,the top 50 metabolites that contributed to the  separation of four conditions included five identified ones acetylcarnitine larginine  lmethionine lphenylalanine and trans3indoleacrylic acid supplemental fig
37432911,list,term,37432911,211,96,the  complete list of go term enrichment analysis results can be found in supplemental table  s5
37432911,mrps5,signature,37432911,196,132,meanwhile dox treated samples deviated away from cco1 and  mrps5 rnai groups implying a unique proteomic signature of this treatment
37432911,pca,mrps5,37432911,195,159,protein pca showed that cco1 and mrps5 rnai  groups clustered together suggesting that the knockdown of the two genes similarly affected  the proteome profiles
37432911,hsp6,hsp60,37432911,193,244,as a result abundances of hsp6  and hsp60 were significantly increased by the three treatments but to differing degrees  suggesting that uprmt was activated differentially by the three generated significantly  different molecular signatures fig
37432911,hsp6,hsp60,37432911,192,142,we then checked  the abundance of uprmt marker heat shock protein 6 hsp6 and heat shock protein  60 hsp60 to check whether uprmt was activated
37432911,mrps5,cox4,37432911,191,102,mrps5 knockdown and dox treatment  also significantly but to a lesser extent decreased cox4 expression
37432911,cox4,mrps5,37432911,188,119,to confirm the knockdowns were effective we first analyzed the proteomic data for the  abundances of cox4 and mrps5 fig
37432911,h2o,1241,37432911,83,34,and h2o 1241 11625 l final volume
37432911,meoh,mtbe,37432911,82,212,then one of following extraction solvents were added to samples  and maintained at 4c through lysis and extraction specific procedures are detailed in the  figure caption orimat14 sequential addition of meoh mtbe
37432911,larginine,lmethionine,37432911,230,207,the top 50 metabolites that contributed to the  separation of four conditions included five identified ones acetylcarnitine larginine  lmethionine lphenylalanine and trans3indoleacrylic acid supplemental fig
37432911,methanol,meoh,37432911,48,133,the classic biphasic method  is the folch or bligh and dyer method that uses a combination of chloroform methanol  meoh and water1112
37432911,cox4,hsp6,37432911,448,57,c the expression levels of cox4 mrps5 hsp6  hsp60 and dox
37432911,key,deep,37432911,42,139,effective disruption of the worm tissue is key to deep and reproducible  analyses and diverse approaches have been applied to achieve it810
37432911,glycoprotein,rich,37432911,41,175,these cuticles are made of layers of highly structured and crosslinked  collagen and other insoluble proteins covered with layers of lipidrich and glycoprotein rich materials8
37432911,collagen,rich,37432911,41,175,these cuticles are made of layers of highly structured and crosslinked  collagen and other insoluble proteins covered with layers of lipidrich and glycoprotein rich materials8
37432911,collagen,glycoprotein,37432911,41,175,these cuticles are made of layers of highly structured and crosslinked  collagen and other insoluble proteins covered with layers of lipidrich and glycoprotein rich materials8
37432911,mrps5,doxycycline,37432911,9,92,in element cco1 mitochondrial ribosome protein s5 mrps5  and antibiotic treatment doxycyclin
37432911,chloroform,meoh,37432911,48,133,the classic biphasic method  is the folch or bligh and dyer method that uses a combination of chloroform methanol  meoh and water1112
38563104,glycine,tryptophan,38563104,139,150,etabolism biosynthesis of unsaturated fatty acids glycine serine and threonine metabolism tryptophan metabolism lysosome peroxisome steroid biosynthes
38563104,glycine,retinol,38563104,139,207,etabolism biosynthesis of unsaturated fatty acids glycine serine and threonine metabolism tryptophan metabolism lysosome peroxisome steroid biosynthesis longevity regulating pathway and retinol metabolism fi
38563104,serine,retinol,38563104,139,199,m biosynthesis of unsaturated fatty acids glycine serine and threonine metabolism tryptophan metabolism lysosome peroxisome steroid biosynthesis longevity regulating pathway and retinol metabolism fi
38563104,serine,threonine,38563104,139,120,m biosynthesis of unsaturated fatty acids glycine serine and threonine metabolism tryptophan metabolism lysosome peroxis
38563104,threonine,tryptophan,38563104,139,131,sis of unsaturated fatty acids glycine serine and threonine metabolism tryptophan metabolism lysosome peroxisome steroid biosynthes
38563104,tryptophan,retinol,38563104,139,167,tty acids glycine serine and threonine metabolism tryptophan metabolism lysosome peroxisome steroid biosynthesis longevity regulating pathway and retinol metabolism fi
38563104,carrier,gas,38563104,81,124,the sample was injected at 300c and helium was used as the carrier gas with a flow rate of 15 mlmin and a split ratio of 160
38563104,glycine,serine,38563104,139,115,etabolism biosynthesis of unsaturated fatty acids glycine serine and threonine metabolism tryptophan metabolism lys
38563104,threonine,retinol,38563104,139,188,sis of unsaturated fatty acids glycine serine and threonine metabolism tryptophan metabolism lysosome peroxisome steroid biosynthesis longevity regulating pathway and retinol metabolism fi
38563104,serine,tryptophan,38563104,139,142,m biosynthesis of unsaturated fatty acids glycine serine and threonine metabolism tryptophan metabolism lysosome peroxisome steroid biosynthes
38563104,glycine,threonine,38563104,139,128,etabolism biosynthesis of unsaturated fatty acids glycine serine and threonine metabolism tryptophan metabolism lysosome peroxis
38563104,helium,gas,38563104,81,124,the sample was injected at 300c and helium was used as the carrier gas with a flow rate of 15 mlmin and a split ratio of 160
38563104,carrier,160,38563104,81,124,the sample was injected at 300c and helium was used as the carrier gas with a flow rate of 15 mlmin and a split ratio of 160
38563104,helium,160,38563104,81,124,the sample was injected at 300c and helium was used as the carrier gas with a flow rate of 15 mlmin and a split ratio of 160
38563104,gas,160,38563104,81,124,the sample was injected at 300c and helium was used as the carrier gas with a flow rate of 15 mlmin and a split ratio of 160
38563104,gas,hydrochloride,38563104,77,214,for gas chromatographymass spectrometry gcms analysis 30 l of methoxyamine hydrochloride sigmaaldrich usa in pyridine 20 mgml was added to each sample to dissolve and then incubated at 30c for 90 min to derivatize
38563104,hydrochloride,pyridine,38563104,77,214,for gas chromatographymass spectrometry gcms analysis 30 l of methoxyamine hydrochloride sigmaaldrich usa in pyridine 20 mgml was added to each sample to dissolve and then incubated at 30c for 90 min to derivatize
38563104,gas,pyridine,38563104,77,214,for gas chromatographymass spectrometry gcms analysis 30 l of methoxyamine hydrochloride sigmaaldrich usa in pyridine 20 mgml was added to each sample to dissolve and then incubated at 30c for 90 min to derivatize
38563104,polyvinylidene,fluoride,38563104,76,114,then the supernatants were filtered with 02 m polyvinylidene fluoride syringe filters whatman uk and vacuum dried
38563104,platinum,lgg,38563104,42,183,then c elegans were individually transferred with a platinum wire onto 35mmdiameter ngm agar plates seeded with op50 80  109 cfuml 3201 80  109 cfuml or lgg 80  109 cfuml respectively
38563104,sodium,hypochloritesodium,38563104,34,109,after the worms got eggs in their body eggs were extracted using sodium hypochloritesodium hydroxide solution
38563104,fer,lgg,38563104,211,203,the killing assay of c elegans strain fer 15fem1 preconditioned with op50 3201 or lgg for 48 h then infected with each of four foodborne pathogenic bacteria two of each gramnegative and positive bacteria
38563104,helium,carrier,38563104,81,124,the sample was injected at 300c and helium was used as the carrier gas with a flow rate of 15 mlmin and a split ratio of 160
38563104,bacteriocin,h2o2,38563104,196,120,including l rhamnosus have the capability to produce antimicrobial compounds such as lactic acid bacteriocin and h2o2 46
38964319,nidogen,mec4,38964319,4,183,we show that membranematrix complexes containing laminin nidogen and the mec4 mechanoelectrical transduction channel reside at this interface and are central to proper touch sensation
38964319,mec4,nidogen,38964319,10,140,mec4 but not laminin or nidogen is destabilized by point mutations in the cterminal kunitz domain of the extracellular matrix component mec1
